-- Efimeramente — REAL DATA seed (therapists + patients + June-onward sessions)
-- Generated from Sesiones_Consultorio. Run AFTER the rate/method columns exist.
-- NOTE: clears existing rows first (you've been on demo, so live tables are just the initial seed).

begin;
delete from facturas; delete from whatsapp_messages; delete from sessions; delete from patients; delete from therapists;

insert into therapists (id,nombre,apellido,email,color,activo) values
  ('b219e764-4664-594c-9eb3-d2b19e52caac','Mariana','Villegas','mariana@efimeramente.ec','#b48ae4',true),
  ('48a4a020-8ab4-5e11-89ed-17a1e1713b54','Carolina','Almeida','carolina@efimeramente.ec','#f5a8a0',true),
  ('4eb27d28-e3bf-5194-aa30-9e5a185a26c1','Daniela','Espinosa','daniela@efimeramente.ec','#faab55',true),
  ('aaf55d12-e51c-5197-ad4f-29c87bd859c8','Camila','Maya','camila@efimeramente.ec','#ffd84a',true),
  ('2f5bf11b-42a8-562f-99c9-501c62a4ca04','Francisco','Mena','francisco@efimeramente.ec','#d6a2e8',true),
  ('df43d23e-52f2-511f-9d66-77de36ebd67d','Maria Gracia','Villalba','maria@efimeramente.ec','#f7b9a0',true) on conflict do nothing;

insert into patients (id,nombre,apellido,telefono,terapeuta_id,tarifa,metodo_pago,estado_general) values
  ('acde9b9c-6e9e-5f76-9cfa-444c3eb2ae80','Alegría','Perez','+593987497807','aaf55d12-e51c-5197-ad4f-29c87bd859c8',36,'transferencia','activo'),
  ('32ee67eb-df8e-5453-9c07-77346310a421','Diana','Villamar M','+593997252932','aaf55d12-e51c-5197-ad4f-29c87bd859c8',35,'transferencia','activo'),
  ('1baefd5d-ca2f-504b-8c15-8c7746faa072','Ericka','Correa','+12013978017','aaf55d12-e51c-5197-ad4f-29c87bd859c8',40,'transferencia','activo'),
  ('49d3adf8-6beb-542c-83cf-fbdaa58d4703','Isabel','Muñoz','+593939030953','aaf55d12-e51c-5197-ad4f-29c87bd859c8',39,'transferencia','activo'),
  ('2b640b97-5590-5c27-8129-f5b44367fcfd','Ivanna','Goetschel','+593981422744','aaf55d12-e51c-5197-ad4f-29c87bd859c8',39,'transferencia','activo'),
  ('595651cc-e579-552e-af8a-a3ffd4fe2341','Jose','Manuel','+593998453235','aaf55d12-e51c-5197-ad4f-29c87bd859c8',39,'transferencia','activo'),
  ('aa338b1c-99c6-5440-ad9a-8e4cd0ad9c34','Juliana','Huidobro','+593998374304','aaf55d12-e51c-5197-ad4f-29c87bd859c8',39,'transferencia','activo'),
  ('d6f3221a-5cb6-50bd-85c6-a602f8ee67a9','Kamila','Ramirez','+593998840921','aaf55d12-e51c-5197-ad4f-29c87bd859c8',39,'transferencia','activo'),
  ('3d24a738-855f-58ca-b86a-98deaf3e13ff','Micaela','Mojarrango','+593983885718','aaf55d12-e51c-5197-ad4f-29c87bd859c8',39,'transferencia','activo'),
  ('f2a17a5d-153e-56be-9adf-ac12f9936b6a','Raguel','Conforme Vasquez','+593999643019','aaf55d12-e51c-5197-ad4f-29c87bd859c8',36,'transferencia','activo'),
  ('a3a95d0a-feae-549c-bd37-889ab6d1c1cd','Sofia','Jaramillo','+593939074106','aaf55d12-e51c-5197-ad4f-29c87bd859c8',40,'transferencia','activo'),
  ('106818e5-2ca3-5fb4-be80-a4a202def799','Violeta','Pavlica','+593998108930','aaf55d12-e51c-5197-ad4f-29c87bd859c8',39,'transferencia','activo'),
  ('62a29670-7c6c-5c16-86d0-23d421e82de9','Ximena','Vaca','+593999102237','aaf55d12-e51c-5197-ad4f-29c87bd859c8',37,'transferencia','activo'),
  ('4805adbf-39d0-535f-a2d8-6209f6413444','Vinicio','Araujo','+1204-960-4880','aaf55d12-e51c-5197-ad4f-29c87bd859c8',30,'transferencia','activo'),
  ('8db99664-243a-58dd-b6de-5f41ab02eb5c','Mateo','Romero','+593985680736','aaf55d12-e51c-5197-ad4f-29c87bd859c8',39,'transferencia','activo'),
  ('822e4683-1cd3-5444-89f6-45fe74d17573','Alejandra','Arias','+593992738013','aaf55d12-e51c-5197-ad4f-29c87bd859c8',39,'transferencia','activo'),
  ('640cfe89-9d09-53e7-98e0-5333953303a6','Lisbeth','Michelle Figueroa','+593995233762','aaf55d12-e51c-5197-ad4f-29c87bd859c8',30,'transferencia','activo'),
  ('ddea1b25-6983-5763-91e7-d0c9a71efaf3','Dana','Guamán','+593990435866','aaf55d12-e51c-5197-ad4f-29c87bd859c8',39,'transferencia','activo'),
  ('12d9cbf0-0165-55d2-8aba-09a090fa5155','Fabian','Banderas','+593994884649','aaf55d12-e51c-5197-ad4f-29c87bd859c8',39,'transferencia','activo'),
  ('d7477622-2482-5565-81ce-00889a94f1e5','Carolina','Gomez','+593987070898','48a4a020-8ab4-5e11-89ed-17a1e1713b54',39,'transferencia','activo'),
  ('6ab917e2-2b3c-5328-8cb4-aa04d8a55caa','Emilie','Conforme',null,'48a4a020-8ab4-5e11-89ed-17a1e1713b54',39,'transferencia','activo'),
  ('71904b68-79be-57fe-9ea6-a7b8847c9bec','Gabriela','Witt','+593999094991','48a4a020-8ab4-5e11-89ed-17a1e1713b54',39,'transferencia','activo'),
  ('ee1dc8e9-d550-5974-bed4-54f3d3fa339a','Karen','Nieto','+593986937547','48a4a020-8ab4-5e11-89ed-17a1e1713b54',39,'transferencia','activo'),
  ('832ee36a-3a47-5731-8485-2ec6be62833b','Ricardo','Carrera','+593987155914','48a4a020-8ab4-5e11-89ed-17a1e1713b54',39,'transferencia','activo'),
  ('9d4a2b6d-4b2f-5974-872f-40a357b43102','Isaac','Chacon','+593983240105','48a4a020-8ab4-5e11-89ed-17a1e1713b54',39,'transferencia','activo'),
  ('7099e18b-ab9b-54d9-8936-ef22d3814f8b','Jacqueline','Cevallos','+1204-960-4823','48a4a020-8ab4-5e11-89ed-17a1e1713b54',30,'transferencia','activo'),
  ('3819942a-a5df-5e74-b4e0-d3ec401cac62','Miguel','Cachimuel','+593994166698','48a4a020-8ab4-5e11-89ed-17a1e1713b54',39,'transferencia','activo'),
  ('ed45266f-e7cd-56dc-ae30-371d9d5a4628','Domenica','Naveda','+593990895533','48a4a020-8ab4-5e11-89ed-17a1e1713b54',36,'transferencia','activo'),
  ('7b17aeca-6b0c-5190-8dfa-c521941703ba','Carlos','Leon','+593962736648','48a4a020-8ab4-5e11-89ed-17a1e1713b54',35,'transferencia','activo'),
  ('c72e7240-27d9-5106-86ed-9c89770364b8','Raul','Moreno','+593963753750','48a4a020-8ab4-5e11-89ed-17a1e1713b54',50,'transferencia','activo'),
  ('a1a90404-2ca1-57af-b06d-9b4190e3f59e','Katherine','Davila','+593995342611','48a4a020-8ab4-5e11-89ed-17a1e1713b54',39,'transferencia','activo'),
  ('e5ca0689-d2bb-5da0-86ee-9ee1f873b11f','Anahi','Enriquez','+593984808485','48a4a020-8ab4-5e11-89ed-17a1e1713b54',39,'transferencia','activo'),
  ('babbb4b5-5e4b-5b62-aaca-866c98553f7c','Valentin','Pacheco','+593992550322','48a4a020-8ab4-5e11-89ed-17a1e1713b54',39,'transferencia','activo'),
  ('2a47acf8-9de2-53fb-b441-a8e56b8ada1e','Daniel','Moreno','+593963277696','48a4a020-8ab4-5e11-89ed-17a1e1713b54',36,'transferencia','activo'),
  ('24e70b87-ede1-5859-86fb-5af629fd2855','NIcolai','Ortega','+593983023660','48a4a020-8ab4-5e11-89ed-17a1e1713b54',39,'transferencia','activo'),
  ('a1b091c4-9bd8-5bf4-a2c2-dad62c8dc042','Camila','Rojas','+593958848360','48a4a020-8ab4-5e11-89ed-17a1e1713b54',32,'transferencia','activo'),
  ('ef44ec80-7e15-57bd-af3b-7bbbb87c2edc','Camila','Padilla','+593994496338','48a4a020-8ab4-5e11-89ed-17a1e1713b54',50,'transferencia','activo'),
  ('7fb37e9f-9c1e-5e94-a44a-4f678a3cf792','Karina','Almache','+593994768719','48a4a020-8ab4-5e11-89ed-17a1e1713b54',35,'transferencia','activo'),
  ('b0d11040-e454-5f92-9f08-20ba7ea9a801','Daniel','Brito','+593987763024','48a4a020-8ab4-5e11-89ed-17a1e1713b54',39,'transferencia','activo'),
  ('ede6a2f7-5625-58dd-99d0-36dfcd1a61cf','Joaquin','Chiriboga','+593999848427','48a4a020-8ab4-5e11-89ed-17a1e1713b54',39,'transferencia','activo'),
  ('b8b74f7f-6b4a-5e65-95aa-3b7c504b926e','Nathalie','Suarez','+593987029537','48a4a020-8ab4-5e11-89ed-17a1e1713b54',39,'transferencia','activo'),
  ('77dfbe76-775d-51a2-96a1-7014613e93d3','Alisson','Racines','+593983748737','48a4a020-8ab4-5e11-89ed-17a1e1713b54',39,'transferencia','activo'),
  ('a1d1b73a-b0fb-55dc-8fa4-d9855a2cbf9e','Shally','Ortiz','+593995689172','48a4a020-8ab4-5e11-89ed-17a1e1713b54',39,'transferencia','activo'),
  ('f94b8740-d061-5169-81bc-6ce7f1b80bc9','Edward','Valtiera','+593990744481','48a4a020-8ab4-5e11-89ed-17a1e1713b54',39,'transferencia','activo'),
  ('ddc996e1-d059-5fdc-b0a6-ecd92453512c','Anita','Mejía','+593998553457','48a4a020-8ab4-5e11-89ed-17a1e1713b54',39,'transferencia','activo'),
  ('bbdffb24-f5da-5d7d-9ce9-0b08a41bf2f5','David','Muela','+593999206689','48a4a020-8ab4-5e11-89ed-17a1e1713b54',39,'transferencia','activo'),
  ('53dbdfce-5b07-578c-8da9-0e72f5062080','Rafaela','Orrego','+593996393214','48a4a020-8ab4-5e11-89ed-17a1e1713b54',39,'transferencia','activo'),
  ('9ec49717-1acd-56c7-94cb-9f3f1b9b6749','Alexandra','Salazar','+593963149792','4eb27d28-e3bf-5194-aa30-9e5a185a26c1',39,'transferencia','activo'),
  ('4de68c91-8315-5eab-b15e-b1bde54a6d77','Cinthya','Perez','+593958603292','4eb27d28-e3bf-5194-aa30-9e5a185a26c1',36,'transferencia','activo'),
  ('f7f8dca3-9ac2-509a-a969-e4951315d6dd','David','Chacón','+593984259563','4eb27d28-e3bf-5194-aa30-9e5a185a26c1',39,'transferencia','activo'),
  ('df69f9cf-b267-5375-8137-9a2bb3b3639e','Gabriela','Jácome','+593969056092','4eb27d28-e3bf-5194-aa30-9e5a185a26c1',39,'transferencia','activo'),
  ('c0cfefae-961c-5575-a9ac-92aeda99cfa8','Laura','Vasquez',null,'4eb27d28-e3bf-5194-aa30-9e5a185a26c1',39,'transferencia','activo'),
  ('d5743a56-0a66-53a6-bbff-5522b60234ca','Maria','Dolores Ordoñez','+593999202409','4eb27d28-e3bf-5194-aa30-9e5a185a26c1',39,'transferencia','activo'),
  ('4fb74b4d-bcb6-57b7-822d-c0ad2f857587','Michelle','Reyes','+593997081174','4eb27d28-e3bf-5194-aa30-9e5a185a26c1',39,'transferencia','activo'),
  ('9fc06285-d304-52f2-b3bc-2b11f2c6faf1','Pamela','Garcia','+593978906159','4eb27d28-e3bf-5194-aa30-9e5a185a26c1',39,'transferencia','activo'),
  ('8b7ab8b1-4674-54d3-b614-80ff534ca2cb','Freddy','Vallejo','+593995312286','4eb27d28-e3bf-5194-aa30-9e5a185a26c1',39,'transferencia','activo'),
  ('dcdd509b-1b5b-59a4-a82e-c2373ba9de41','Cristina','Fueres','+593939814846','4eb27d28-e3bf-5194-aa30-9e5a185a26c1',39,'transferencia','activo'),
  ('cbdea12a-f594-5852-8eeb-684097cca3be','David','Ponce','+593998550176','4eb27d28-e3bf-5194-aa30-9e5a185a26c1',39,'transferencia','activo'),
  ('0d6c3206-24b6-55e8-af0e-60652458cd53','Giselle','Marcillo','+593996298525','4eb27d28-e3bf-5194-aa30-9e5a185a26c1',39,'transferencia','activo'),
  ('4d3b18f4-2a80-562e-bcba-b28d53c3a6ab','Ismael','Naula','+593996305540','4eb27d28-e3bf-5194-aa30-9e5a185a26c1',39,'transferencia','activo'),
  ('0ccb60bd-7f8f-56df-a0eb-fb47c8843aae','Liliana','Batidas','+593986805436','4eb27d28-e3bf-5194-aa30-9e5a185a26c1',39,'transferencia','activo'),
  ('79588800-8c00-5613-87fd-682e9f83f7d5','Alejandra','Garces','+593984799556','4eb27d28-e3bf-5194-aa30-9e5a185a26c1',39,'transferencia','activo'),
  ('0411dc97-fd59-5c80-b752-ca65ed32620e','Diego','Palacios','+593987939579','4eb27d28-e3bf-5194-aa30-9e5a185a26c1',39,'transferencia','activo'),
  ('480d64c5-7152-5ff5-a3c5-a700e4f00cc1','Daniela','Romero','+593986131942','2f5bf11b-42a8-562f-99c9-501c62a4ca04',39,'transferencia','activo'),
  ('e94b6775-3225-56da-9be5-d4318cb45584','Matheo','Quevedo','+593987857902','2f5bf11b-42a8-562f-99c9-501c62a4ca04',39,'transferencia','activo'),
  ('5ef8d924-0ee7-595b-9b03-e1370b5ccf61','Santiago','Maldonado','+524423055285-2','2f5bf11b-42a8-562f-99c9-501c62a4ca04',35,'transferencia','activo'),
  ('e38a5071-e540-5af7-aab9-254e7c1cde40','Antonia','Alarcón','+593985315965','2f5bf11b-42a8-562f-99c9-501c62a4ca04',39,'transferencia','activo'),
  ('794fd794-bc57-5f71-b5ec-2a7badd3afa3','Christian','Salazar','+593999239653','2f5bf11b-42a8-562f-99c9-501c62a4ca04',34,'transferencia','activo'),
  ('f45f6559-e342-56b1-83c8-15eb2333e1ef','Maria','Jose Tejada','+593962029032','2f5bf11b-42a8-562f-99c9-501c62a4ca04',39,'transferencia','activo'),
  ('5c557438-2365-51e6-b4c5-a1cea6b26c7a','Andrés','Erazo','+593999229653','2f5bf11b-42a8-562f-99c9-501c62a4ca04',39,'transferencia','activo'),
  ('e963b953-de23-59bf-9ed3-ff9d74499074','Maria','Pernia','+593963307237','2f5bf11b-42a8-562f-99c9-501c62a4ca04',35,'transferencia','activo'),
  ('2c69e2e7-23e6-5b98-8934-f5feec1caf47','Andrés','Valenzuela','+593986812292','b219e764-4664-594c-9eb3-d2b19e52caac',32,'transferencia','activo'),
  ('e0b5bed7-b1e0-5801-8fed-69d98e9326ee','Christian','Jimenez','+593963848177','b219e764-4664-594c-9eb3-d2b19e52caac',36,'transferencia','activo'),
  ('2858ff52-22bb-5621-8687-700cbb6e6445','Daniela','Driau','+593995352256','b219e764-4664-594c-9eb3-d2b19e52caac',39,'transferencia','activo'),
  ('8d87335f-08e9-5501-a2c7-2775ff9b879f','Erlinda','Janeth Bonilla Andrade','+593993438392','b219e764-4664-594c-9eb3-d2b19e52caac',39,'transferencia','activo'),
  ('bfae8bde-cea8-5fcb-aede-18656d0f2142','Jose','Vicente Ulloa Flores','+593967647533','b219e764-4664-594c-9eb3-d2b19e52caac',36,'transferencia','activo'),
  ('9c8e80dc-fb7d-5530-b960-b61699d655eb','Mauro','Baquero','+593991820779','b219e764-4664-594c-9eb3-d2b19e52caac',36,'transferencia','activo'),
  ('8b313ef5-f219-594f-8107-d5f0b30aa9f7','Oliver','Aichele','+593993168983','b219e764-4664-594c-9eb3-d2b19e52caac',45,'transferencia','activo'),
  ('3e1eb94a-5627-5b97-8645-b01a9056919d','Sarahi','Guaman','+1631-507-9845','b219e764-4664-594c-9eb3-d2b19e52caac',39,'transferencia','activo'),
  ('8339d641-ceb1-51f4-9ade-4ad716bb642e','Camila','Bravo (Domi)','+593989345030','b219e764-4664-594c-9eb3-d2b19e52caac',45,'transferencia','activo'),
  ('7d5466f3-6dbd-5ecb-ba33-0d6fe5c6eb02','Nicolás','Marcano','+593984947089','b219e764-4664-594c-9eb3-d2b19e52caac',45,'transferencia','activo'),
  ('7b93da81-80c4-56cd-8be3-2299a690b571','Grace','Atiencia','+593997711708','b219e764-4664-594c-9eb3-d2b19e52caac',36,'transferencia','activo'),
  ('b7889b9a-e659-5571-910d-8f71bbe90f6c','Zamyha','Flores','+593995969899','b219e764-4664-594c-9eb3-d2b19e52caac',20,'transferencia','activo'),
  ('485c66f2-2357-54e7-8025-b25bf85fb43a','Pamela','Iturralde','+34675214450','b219e764-4664-594c-9eb3-d2b19e52caac',30,'transferencia','activo'),
  ('83beb9bf-cf8b-5ea7-8134-d754aab34d5e','Inti','Maigua','+593996969003','b219e764-4664-594c-9eb3-d2b19e52caac',35,'transferencia','activo'),
  ('4d548661-144a-5bdc-8b8f-ccd4af56b262','Dayra','Guerra','+593997549002','b219e764-4664-594c-9eb3-d2b19e52caac',40,'transferencia','activo'),
  ('82db5b4f-d960-576e-9bda-c520a60d2856','Paola','Moreira','+593987580724','b219e764-4664-594c-9eb3-d2b19e52caac',35,'transferencia','activo'),
  ('004ba1e1-2e75-55fb-b440-233016d7c6d5','Paola','Ibarra','+1438-877-8620','b219e764-4664-594c-9eb3-d2b19e52caac',30,'transferencia','activo'),
  ('ef6dfe16-2132-56a4-afc9-556068ec94dc','Nicole','y Victor','+593984990370','b219e764-4664-594c-9eb3-d2b19e52caac',50,'transferencia','activo'),
  ('07a9a3b2-87ac-56dd-b771-91248f1d6019','Diana','Marcial','+593983347281','b219e764-4664-594c-9eb3-d2b19e52caac',45,'transferencia','activo'),
  ('2b20ecb9-2ad7-591a-b211-026b3dfca873','Rafael','Maldonado','+351923186941','b219e764-4664-594c-9eb3-d2b19e52caac',35,'transferencia','activo'),
  ('5f44778a-00e3-5ffd-90a6-8492c7cdb918','Natalie','Guerrero','+593979047989','b219e764-4664-594c-9eb3-d2b19e52caac',25,'transferencia','activo'),
  ('b0feea98-fe52-55ee-ad07-5c5a87dd002a','David','Dávila','+593958907153','b219e764-4664-594c-9eb3-d2b19e52caac',35,'transferencia','activo'),
  ('8caa690d-6665-56ba-84ae-9a0481881090','Juan','David Álvarez','+593999783885','b219e764-4664-594c-9eb3-d2b19e52caac',40,'transferencia','activo'),
  ('072cdbb6-2fc0-5ab1-9a42-34614b7e76f8','Belén','y Orlando','+593998381741','b219e764-4664-594c-9eb3-d2b19e52caac',35,'transferencia','activo'),
  ('16b8d509-5977-5860-8788-35dad2532a3d','Nathalie','Ramos','+573144674611','b219e764-4664-594c-9eb3-d2b19e52caac',30,'transferencia','activo'),
  ('78935200-ec84-5bdb-a3fa-d394c70583ab','Tomás','Peña','+34665740437','b219e764-4664-594c-9eb3-d2b19e52caac',35,'transferencia','activo'),
  ('ad688cff-d862-5108-8b78-cc26094373fb','Alejandro','Molina','+573212968873','b219e764-4664-594c-9eb3-d2b19e52caac',21,'transferencia','activo'),
  ('35eb7905-f3da-54ef-ba54-955065a4ea64','Felipe','y Mafer','+593990217188','b219e764-4664-594c-9eb3-d2b19e52caac',50,'transferencia','activo'),
  ('589739d9-e006-56af-8fcf-8b7dc08c8024','Ericka','Rosero','+524423055285','b219e764-4664-594c-9eb3-d2b19e52caac',30,'transferencia','activo'),
  ('4060754b-c5c8-5dbd-a037-540e2bf3288d','Marco','Perez','+593998850141','b219e764-4664-594c-9eb3-d2b19e52caac',40,'transferencia','activo'),
  ('d25aa467-62df-5c87-a9f3-2f880518f17a','Daniel','y Daniela','8','b219e764-4664-594c-9eb3-d2b19e52caac',55,'transferencia','activo'),
  ('79aa3caa-93f9-57df-8b70-7fcc73ef99ea','Josselyn','Bonilla','+593987444804','b219e764-4664-594c-9eb3-d2b19e52caac',35,'transferencia','activo'),
  ('1305a0cd-5df3-5e69-b1a6-e93110765bdf','Michelle','Tinajero','9','b219e764-4664-594c-9eb3-d2b19e52caac',20,'transferencia','activo'),
  ('953784d8-1337-5d38-ab3f-f1c0e167e2ab','Nikole','Estrella','+1709-743-7951','b219e764-4664-594c-9eb3-d2b19e52caac',45,'transferencia','activo'),
  ('5e0ecf31-6de6-57b1-b5dc-11d398f40581','Mayra','Lemus','+573112652149','b219e764-4664-594c-9eb3-d2b19e52caac',30,'transferencia','activo'),
  ('d03621f2-d17b-5eb6-b2ff-cdcc2408d171','Luna','Guamán','+593963518006','b219e764-4664-594c-9eb3-d2b19e52caac',40,'transferencia','activo'),
  ('ccd379d3-aa92-511d-85eb-b9485369a185','Diana','Romero','+12013284267','b219e764-4664-594c-9eb3-d2b19e52caac',45,'transferencia','activo'),
  ('337c7c71-506b-571b-8534-09235cf1fd25','Pamela','Herrera','+593989258491','b219e764-4664-594c-9eb3-d2b19e52caac',35,'transferencia','activo'),
  ('249e0349-7039-56e6-83b9-64874b6fa3b8','Daniela','Macias','+593995279730','b219e764-4664-594c-9eb3-d2b19e52caac',35,'transferencia','activo'),
  ('bf8ad179-2a68-5c23-b922-426aa7cc4868','Rafaela','Saona','+593990804751','b219e764-4664-594c-9eb3-d2b19e52caac',35,'transferencia','activo'),
  ('bbb24ba6-e9c7-5689-badb-dfd35d5c34cb','Fabiana','Valencia','+593992260590','b219e764-4664-594c-9eb3-d2b19e52caac',30,'transferencia','activo'),
  ('04f34a65-d270-5527-81e4-ddaa64368ad3','Laura','Chávez','+573155404080','b219e764-4664-594c-9eb3-d2b19e52caac',30,'transferencia','activo'),
  ('c1819b33-109c-578b-be35-03863bec9d02','Kathy','Rivadeneira','+593999901622','b219e764-4664-594c-9eb3-d2b19e52caac',10,'transferencia','activo'),
  ('6273edc2-de09-5f0a-aaec-1f2739171140','Paulina','Larrea','+593992941773','b219e764-4664-594c-9eb3-d2b19e52caac',20,'transferencia','activo'),
  ('7974f5c0-be41-56f1-9d94-8b0d016c8ef7','Laura','Galindo','+4915750662634','b219e764-4664-594c-9eb3-d2b19e52caac',35,'transferencia','activo'),
  ('30e80202-18c1-5031-acae-f8b440126fac','Lizbeth','Quinatoa','+593995392620','b219e764-4664-594c-9eb3-d2b19e52caac',45,'transferencia','activo'),
  ('573b8db5-5799-5f25-880f-6bd9190579f7','Maria','Jose Puentes','+573165716353','b219e764-4664-594c-9eb3-d2b19e52caac',35,'transferencia','activo'),
  ('d6295097-6fd3-5d48-bc3d-8db5707df894','Valeria','Araujo','+14319967272','b219e764-4664-594c-9eb3-d2b19e52caac',30,'transferencia','activo'),
  ('e84b3d46-98fc-56e6-a27a-e4e940f43fa2','Alejandro','Sepulveda','+573226628366','b219e764-4664-594c-9eb3-d2b19e52caac',35,'transferencia','activo'),
  ('e573ee78-d749-56ae-8aa0-577530dd5ee4','Samantha','Aldaz','+34641709651','b219e764-4664-594c-9eb3-d2b19e52caac',24,'transferencia','activo'),
  ('717a4cf3-1d4b-57ea-a379-d8b6a4735c07','francisca','Valencia','+593967383232','b219e764-4664-594c-9eb3-d2b19e52caac',30,'transferencia','activo'),
  ('3151c0db-dd84-568c-9ca2-188c0be7a57a','carlos','pallo','+593958897728','b219e764-4664-594c-9eb3-d2b19e52caac',20,'transferencia','activo'),
  ('43d01efc-bf39-5d7a-ae44-21d13eee9619','Maria','del Carmen Herrera','+593987274701','b219e764-4664-594c-9eb3-d2b19e52caac',30,'transferencia','activo'),
  ('84bb4294-fdba-57c0-bda3-95e583593213','Diana','Sofia Mosquera','+573134393536','b219e764-4664-594c-9eb3-d2b19e52caac',30,'transferencia','activo'),
  ('c6e5bce8-979f-50d2-995c-34b5472eab5d','Diego','Narvaez','+593999021687','b219e764-4664-594c-9eb3-d2b19e52caac',39,'transferencia','activo'),
  ('88ba871c-4612-5b4a-9e66-ab675a1c2ddf','Melina','Gudiño','+593990123776','b219e764-4664-594c-9eb3-d2b19e52caac',39,'transferencia','activo'),
  ('2f10c585-29c8-53d2-bea0-9e8ccd0ccb25','Nicolás','Jarrín','+593998076824','b219e764-4664-594c-9eb3-d2b19e52caac',35,'transferencia','activo'),
  ('04764bee-391e-5ffa-85cb-170820b4d7ad','Julissa','Montesdeoca','+593993791045','b219e764-4664-594c-9eb3-d2b19e52caac',30,'transferencia','activo'),
  ('9dbc791b-bde5-5846-8f81-969e17715479','Joaquin','Buitron','+593997452711','b219e764-4664-594c-9eb3-d2b19e52caac',39,'transferencia','activo'),
  ('37c9931d-81b6-5b46-a1ad-1734f3bc6aa4','Nelson','Armijos','+593958720186','b219e764-4664-594c-9eb3-d2b19e52caac',45,'transferencia','activo'),
  ('496104e7-6e83-5e07-9911-3651a27f45c9','Marcela','Carrera','+593998569181','48a4a020-8ab4-5e11-89ed-17a1e1713b54',39,'transferencia','activo'),
  ('5bc5ecae-2f14-5d06-8481-81f9cc69c9d6','Domenica','Garcia','+593997955747','b219e764-4664-594c-9eb3-d2b19e52caac',50,'transferencia','activo'),
  ('d4dcd64e-69b3-52ad-a565-bb68f06ae366','Roberto','Cabezas','+593982027152','aaf55d12-e51c-5197-ad4f-29c87bd859c8',39,'transferencia','activo'),
  ('1021fdbb-01db-5093-af5a-cc2be7dab22f','Wendy','Mendoza','+593999069277','48a4a020-8ab4-5e11-89ed-17a1e1713b54',39,'transferencia','activo'),
  ('ef9f8557-ab41-5ab7-92d3-f57b39fd32be','Paula','Villacres','+593986711228','aaf55d12-e51c-5197-ad4f-29c87bd859c8',39,'transferencia','activo'),
  ('c7f5c183-5128-5e12-bff7-f339196d03e1','Maria','Emili Achig','+593998182560','aaf55d12-e51c-5197-ad4f-29c87bd859c8',39,'transferencia','activo'),
  ('c5649901-0f45-5667-bd6f-810542993996','Juan','Simon Delgado','+593999121842','4eb27d28-e3bf-5194-aa30-9e5a185a26c1',39,'transferencia','activo'),
  ('18e50af9-e9c1-503b-adc1-81044048e4a1','Vianey','Lascano','+593985603913','aaf55d12-e51c-5197-ad4f-29c87bd859c8',39,'transferencia','activo'),
  ('e0eb299e-c030-52e3-af26-293a4b7f9ff7','Maria','de Lourdes Altamirano','+59398337362','b219e764-4664-594c-9eb3-d2b19e52caac',35,'transferencia','activo'),
  ('fc0e76c3-7e32-5709-ad3d-224508a342f9','Jonathan','Anrango','+593980785036','48a4a020-8ab4-5e11-89ed-17a1e1713b54',39,'transferencia','activo'),
  ('569453aa-73ff-50b0-86ec-9b86e3d417d3','Karo','Merizalde','+593984937533','b219e764-4664-594c-9eb3-d2b19e52caac',39,'transferencia','activo'),
  ('4f3b88bd-bfe9-5906-88ab-0cea536b5410','Paula','Viteri','+593998741864','b219e764-4664-594c-9eb3-d2b19e52caac',39,'transferencia','activo'),
  ('f81e9d97-5ba9-5f0d-8108-13e67d1b4bff','Andrés','Cisneros','+593999272145','2f5bf11b-42a8-562f-99c9-501c62a4ca04',39,'transferencia','activo'),
  ('3615f85d-123e-5536-9def-7fb42f8bc925','José','Javier Camacho','+593997231540','48a4a020-8ab4-5e11-89ed-17a1e1713b54',39,'transferencia','activo'),
  ('0bf86a8d-b4bd-52dd-a28f-913c1eba28b1','Daniela','Torres','+593998876652','b219e764-4664-594c-9eb3-d2b19e52caac',39,'transferencia','activo'),
  ('0b83024b-d5f1-5d4e-92a5-bcf4d65e4241','Cristina','Puente','+593995065947','4eb27d28-e3bf-5194-aa30-9e5a185a26c1',39,'transferencia','activo'),
  ('68f76c3c-2d33-5c96-ac61-edd6ce5eb280','Eduarda','Acosta','+593969359090','aaf55d12-e51c-5197-ad4f-29c87bd859c8',39,'transferencia','activo'),
  ('1f607a7f-bbe8-5d9f-8b12-bb9a2ff3845c','Valeria','Garcia','+593987897855','4eb27d28-e3bf-5194-aa30-9e5a185a26c1',39,'transferencia','activo'),
  ('11ee98f2-c1fe-5511-bb8d-8b98c9ccb7fb','Luis','Rodriguez','+593978924354','aaf55d12-e51c-5197-ad4f-29c87bd859c8',39,'transferencia','activo') on conflict do nothing;

insert into sessions (id,patient_id,terapeuta_id,fecha,hora_inicio,hora_fin,tipo,modalidad,estado,monto,pagado,metodo_pago) values
  ('1067215c-712c-54be-a7fd-bef68f69f877','7fb37e9f-9c1e-5e94-a44a-4f678a3cf792','48a4a020-8ab4-5e11-89ed-17a1e1713b54','2026-06-01','08:00:00','09:15:00','individual','presencial','confirmada',35,true,'transferencia'),
  ('53c0dd26-74ed-556f-b776-f30e3142bd40','88ba871c-4612-5b4a-9e66-ab675a1c2ddf','b219e764-4664-594c-9eb3-d2b19e52caac','2026-06-01','20:00:00','21:15:00','individual','en_linea','confirmada',39,true,'transferencia'),
  ('8f5bbc86-b961-5d59-84bf-102e6af832d0','8d87335f-08e9-5501-a2c7-2775ff9b879f','b219e764-4664-594c-9eb3-d2b19e52caac','2026-06-01','19:00:00','20:15:00','individual','en_linea','confirmada',39,true,'transferencia'),
  ('1efad7de-55c1-5637-9f23-6b30ed5bbed4','83beb9bf-cf8b-5ea7-8134-d754aab34d5e','b219e764-4664-594c-9eb3-d2b19e52caac','2026-06-01',null,null,'individual','en_linea','confirmada',35,false,'transferencia'),
  ('0b4918c8-e794-58ed-b7e8-9c689c4003f3','07a9a3b2-87ac-56dd-b771-91248f1d6019','b219e764-4664-594c-9eb3-d2b19e52caac','2026-06-01',null,null,'individual','en_linea','confirmada',45,true,'transferencia'),
  ('11f0e1a6-c198-5506-870a-b670c19cbdec','7b93da81-80c4-56cd-8be3-2299a690b571','b219e764-4664-594c-9eb3-d2b19e52caac','2026-06-02',null,null,'individual','en_linea','confirmada',36,true,'transferencia'),
  ('8da299b1-c9ce-57ca-ab2d-9bbc9453faae','30e80202-18c1-5031-acae-f8b440126fac','b219e764-4664-594c-9eb3-d2b19e52caac','2026-06-02','19:00:00','20:15:00','individual','en_linea','confirmada',45,true,'transferencia'),
  ('4957c219-296f-5700-a396-2d8f7d24a54b','2a47acf8-9de2-53fb-b441-a8e56b8ada1e','48a4a020-8ab4-5e11-89ed-17a1e1713b54','2026-06-02','11:30:00','12:45:00','individual','en_linea','confirmada',36,true,'transferencia'),
  ('2b4534b6-b0f3-5f59-9a04-7bc6f9e36100','bfae8bde-cea8-5fcb-aede-18656d0f2142','b219e764-4664-594c-9eb3-d2b19e52caac','2026-06-02','17:00:00','18:15:00','individual','presencial','confirmada',36,true,'transferencia'),
  ('1e47d1dc-6a2c-5a7c-b6c6-22bab22de753','24e70b87-ede1-5859-86fb-5af629fd2855','48a4a020-8ab4-5e11-89ed-17a1e1713b54','2026-06-02','09:30:00','10:45:00','individual','en_linea','confirmada',39,true,'transferencia'),
  ('da6f6f86-2db0-5426-9d23-c27ebe9580d1','8db99664-243a-58dd-b6de-5f41ab02eb5c','aaf55d12-e51c-5197-ad4f-29c87bd859c8','2026-06-02','17:00:00','18:15:00','individual','en_linea','confirmada',39,true,'transferencia'),
  ('08ff394a-70ab-59fd-8878-f0d20c61d3c2','dcdd509b-1b5b-59a4-a82e-c2373ba9de41','4eb27d28-e3bf-5194-aa30-9e5a185a26c1','2026-06-02','19:00:00','20:15:00','individual','en_linea','confirmada',39,true,'transferencia'),
  ('076f3f20-fa1d-5de4-9b1a-24f1c3628917','bf8ad179-2a68-5c23-b922-426aa7cc4868','b219e764-4664-594c-9eb3-d2b19e52caac','2026-06-02','20:00:00','21:15:00','individual','en_linea','confirmada',35,true,'transferencia'),
  ('9e6fdd63-6e52-5a01-8243-6473870004c0','c6e5bce8-979f-50d2-995c-34b5472eab5d','b219e764-4664-594c-9eb3-d2b19e52caac','2026-06-02','14:00:00','15:15:00','individual','en_linea','confirmada',39,true,'transferencia'),
  ('f97cb38e-c473-5f1c-8285-d96325aab153','9d4a2b6d-4b2f-5974-872f-40a357b43102','48a4a020-8ab4-5e11-89ed-17a1e1713b54','2026-06-02','16:00:00','17:15:00','individual','presencial','confirmada',39,true,'transferencia'),
  ('62403ae4-7aab-5e30-b303-e7e0fda8c171','a1b091c4-9bd8-5bf4-a2c2-dad62c8dc042','48a4a020-8ab4-5e11-89ed-17a1e1713b54','2026-06-02','19:00:00','20:15:00','individual','en_linea','confirmada',32,false,'transferencia'),
  ('cecef4d7-2eca-520a-862f-991d443320d6','32ee67eb-df8e-5453-9c07-77346310a421','aaf55d12-e51c-5197-ad4f-29c87bd859c8','2026-06-02','16:00:00','17:15:00','individual','presencial','confirmada',35,true,'transferencia'),
  ('97a8d359-82ff-5fb0-830e-b62f8914b0a0','b8b74f7f-6b4a-5e65-95aa-3b7c504b926e','48a4a020-8ab4-5e11-89ed-17a1e1713b54','2026-06-02','13:00:00','14:15:00','individual','en_linea','confirmada',39,true,'transferencia'),
  ('064cf43b-7350-5963-882f-233bb68be2ff','2c69e2e7-23e6-5b98-8934-f5feec1caf47','b219e764-4664-594c-9eb3-d2b19e52caac','2026-06-03',null,null,'individual','en_linea','confirmada',32,false,'transferencia'),
  ('d2004476-30bc-5eeb-adfa-6be98b23b640','9fc06285-d304-52f2-b3bc-2b11f2c6faf1','4eb27d28-e3bf-5194-aa30-9e5a185a26c1','2026-06-03','16:30:00','17:45:00','individual','en_linea','confirmada',39,true,'transferencia'),
  ('85514701-3f93-5188-a85c-6ec5a399bea8','ed45266f-e7cd-56dc-ae30-371d9d5a4628','48a4a020-8ab4-5e11-89ed-17a1e1713b54','2026-06-03','09:00:00','10:15:00','individual','en_linea','confirmada',36,true,'transferencia'),
  ('6db6256a-7ca7-5ea4-b7c9-a9015d8826b5','cbdea12a-f594-5852-8eeb-684097cca3be','4eb27d28-e3bf-5194-aa30-9e5a185a26c1','2026-06-03','12:00:00','13:15:00','individual','presencial','confirmada',39,true,'transferencia'),
  ('967ee2e7-851f-5c89-85d5-1fb60e86fa65','7099e18b-ab9b-54d9-8936-ef22d3814f8b','48a4a020-8ab4-5e11-89ed-17a1e1713b54','2026-06-03','16:00:00','17:15:00','individual','en_linea','confirmada',30,true,'transferencia'),
  ('dbb5736f-aa16-5df5-a1b6-3933773299a6','77dfbe76-775d-51a2-96a1-7014613e93d3','48a4a020-8ab4-5e11-89ed-17a1e1713b54','2026-06-03','19:00:00','20:15:00','individual','presencial','confirmada',39,true,'transferencia'),
  ('61e732dd-04bf-515d-afee-160e23177105','a1d1b73a-b0fb-55dc-8fa4-d9855a2cbf9e','48a4a020-8ab4-5e11-89ed-17a1e1713b54','2026-06-03','18:00:00','19:15:00','individual','en_linea','confirmada',39,true,'transferencia'),
  ('45e0679f-34b2-5a2d-9413-770a744fc140','c1819b33-109c-578b-be35-03863bec9d02','b219e764-4664-594c-9eb3-d2b19e52caac','2026-06-03',null,null,'individual','en_linea','confirmada',10,true,'transferencia'),
  ('e9d86979-4fce-59da-a0b5-c269b8485e01','7974f5c0-be41-56f1-9d94-8b0d016c8ef7','b219e764-4664-594c-9eb3-d2b19e52caac','2026-06-03',null,null,'individual','en_linea','confirmada',35,false,'transferencia'),
  ('b1374001-f8d5-5541-a357-f62aaa3cd9e0','2f10c585-29c8-53d2-bea0-9e8ccd0ccb25','b219e764-4664-594c-9eb3-d2b19e52caac','2026-06-03',null,null,'individual','en_linea','confirmada',35,false,'transferencia'),
  ('f847a2c5-b5cf-54df-9fce-94c1e2732b8c','d6f3221a-5cb6-50bd-85c6-a602f8ee67a9','aaf55d12-e51c-5197-ad4f-29c87bd859c8','2026-06-03','16:00:00','17:15:00','individual','presencial','cancelada',39,false,'transferencia'),
  ('7eca53e3-379c-54e1-a4e0-b44f25902f4e','e963b953-de23-59bf-9ed3-ff9d74499074','2f5bf11b-42a8-562f-99c9-501c62a4ca04','2026-06-03','15:30:00','16:45:00','individual','en_linea','cancelada',35,false,'transferencia'),
  ('45f4790e-f364-5e44-9250-54fe39dbea03','ccd379d3-aa92-511d-85eb-b9485369a185','b219e764-4664-594c-9eb3-d2b19e52caac','2026-06-04','16:00:00','17:15:00','individual','en_linea','confirmada',45,true,'transferencia'),
  ('05b855fa-6c91-5df6-a313-1ef8cc850ee5','04764bee-391e-5ffa-85cb-170820b4d7ad','b219e764-4664-594c-9eb3-d2b19e52caac','2026-06-04',null,null,'individual','en_linea','confirmada',30,true,'transferencia'),
  ('741952f6-7312-51bc-8cd2-5af7edb7a3b8','8b7ab8b1-4674-54d3-b614-80ff534ca2cb','4eb27d28-e3bf-5194-aa30-9e5a185a26c1','2026-06-04','18:00:00','19:15:00','individual','en_linea','confirmada',39,true,'transferencia'),
  ('271eb51a-3349-5b0b-88da-156d6ee64a6b','0d6c3206-24b6-55e8-af0e-60652458cd53','4eb27d28-e3bf-5194-aa30-9e5a185a26c1','2026-06-04','16:30:00','17:45:00','individual','presencial','confirmada',39,true,'transferencia'),
  ('669ccd3d-a98a-538b-b435-740ca5bad333','e84b3d46-98fc-56e6-a27a-e4e940f43fa2','b219e764-4664-594c-9eb3-d2b19e52caac','2026-06-04','17:00:00','18:15:00','individual','en_linea','confirmada',35,true,'transferencia'),
  ('e7f2ba57-6e62-5705-98b6-fc29a879d1b1','7d5466f3-6dbd-5ecb-ba33-0d6fe5c6eb02','b219e764-4664-594c-9eb3-d2b19e52caac','2026-06-04','18:00:00','19:15:00','individual','en_linea','confirmada',45,false,'transferencia'),
  ('a5e20214-10b3-50d8-9d68-7e2c8cb7fddc','f94b8740-d061-5169-81bc-6ce7f1b80bc9','48a4a020-8ab4-5e11-89ed-17a1e1713b54','2026-06-04','16:30:00','17:45:00','individual','presencial','cancelada',39,false,'transferencia'),
  ('9327bd6e-e815-5dda-a3a2-ac48aac1b428','d03621f2-d17b-5eb6-b2ff-cdcc2408d171','b219e764-4664-594c-9eb3-d2b19e52caac','2026-06-04','18:30:00','19:45:00','individual','presencial','confirmada',40,true,'transferencia'),
  ('c556b25f-909b-571a-bff2-f64fa56e9e99','4de68c91-8315-5eab-b15e-b1bde54a6d77','4eb27d28-e3bf-5194-aa30-9e5a185a26c1','2026-06-04','22:30:00','23:45:00','individual','presencial','confirmada',36,true,'transferencia'),
  ('2d4326f2-7177-5971-a806-b8f56614db78','595651cc-e579-552e-af8a-a3ffd4fe2341','aaf55d12-e51c-5197-ad4f-29c87bd859c8','2026-06-04','17:00:00','18:15:00','individual','presencial','cancelada',39,false,'transferencia'),
  ('3da6532c-b843-585a-a418-7cddb2d9b64f','ddea1b25-6983-5763-91e7-d0c9a71efaf3','aaf55d12-e51c-5197-ad4f-29c87bd859c8','2026-06-04','18:30:00','19:45:00','individual','presencial','confirmada',39,true,'transferencia'),
  ('4cb468b0-cd55-55ee-b576-797d5b724126','e963b953-de23-59bf-9ed3-ff9d74499074','2f5bf11b-42a8-562f-99c9-501c62a4ca04','2026-06-04','16:30:00','17:45:00','individual','en_linea','confirmada',35,true,'transferencia'),
  ('d7cfe643-9099-5fc5-8452-5dc3a19a64dd','ad688cff-d862-5108-8b78-cc26094373fb','b219e764-4664-594c-9eb3-d2b19e52caac','2026-06-04','10:00:00','11:15:00','individual','en_linea','confirmada',21,true,'transferencia'),
  ('c389859e-9409-5849-bdb1-c4ae303c31aa','794fd794-bc57-5f71-b5ec-2a7badd3afa3','2f5bf11b-42a8-562f-99c9-501c62a4ca04','2026-06-04','10:30:00','11:45:00','individual','presencial','confirmada',34,true,'transferencia'),
  ('278ad1f2-36b9-502b-8aff-ae8828607721','c0cfefae-961c-5575-a9ac-92aeda99cfa8','4eb27d28-e3bf-5194-aa30-9e5a185a26c1','2026-06-05','17:45:00','19:00:00','individual','presencial','confirmada',36,true,'transferencia'),
  ('fb5f0bb1-b089-5c7d-884f-6756bb214ba0','ede6a2f7-5625-58dd-99d0-36dfcd1a61cf','48a4a020-8ab4-5e11-89ed-17a1e1713b54','2026-06-05','16:00:00','17:15:00','individual','presencial','confirmada',39,false,'transferencia'),
  ('6499f47d-b50d-5b4f-85da-a07c7aca409a','b0d11040-e454-5f92-9f08-20ba7ea9a801','48a4a020-8ab4-5e11-89ed-17a1e1713b54','2026-06-05','18:00:00','19:15:00','individual','presencial','confirmada',39,true,'transferencia'),
  ('02efcbcb-65fa-5fd5-86c3-3552e704a252','7b17aeca-6b0c-5190-8dfa-c521941703ba','48a4a020-8ab4-5e11-89ed-17a1e1713b54','2026-06-05','09:00:00','10:15:00','individual','en_linea','confirmada',35,false,'transferencia'),
  ('4c64e4a3-38fc-5281-aac9-eb2cbbd3ac68','2858ff52-22bb-5621-8687-700cbb6e6445','b219e764-4664-594c-9eb3-d2b19e52caac','2026-06-05','09:00:00','10:15:00','individual','presencial','confirmada',39,true,'transferencia'),
  ('398c5124-90db-546d-9be9-5faca6da50dc','9c8e80dc-fb7d-5530-b960-b61699d655eb','b219e764-4664-594c-9eb3-d2b19e52caac','2026-06-05','13:00:00','14:15:00','individual','presencial','confirmada',36,true,'transferencia'),
  ('14674676-db0d-5010-909c-1fc0b5c86256','12d9cbf0-0165-55d2-8aba-09a090fa5155','aaf55d12-e51c-5197-ad4f-29c87bd859c8','2026-06-05','17:00:00','18:15:00','individual','presencial','confirmada',39,true,'transferencia'),
  ('eca25420-c428-5d1b-87b8-20ab2cc80f4b','aa338b1c-99c6-5440-ad9a-8e4cd0ad9c34','aaf55d12-e51c-5197-ad4f-29c87bd859c8','2026-06-05','16:00:00','17:15:00','individual','presencial','confirmada',39,true,'transferencia'),
  ('4d444adb-d991-5d93-8831-16eb094235a1','e84b3d46-98fc-56e6-a27a-e4e940f43fa2','b219e764-4664-594c-9eb3-d2b19e52caac','2026-06-05','08:00:00','09:15:00','individual','en_linea','confirmada',35,true,'transferencia'),
  ('4dbd862e-6d14-5066-9556-13a2a2f4777a','16b8d509-5977-5860-8788-35dad2532a3d','b219e764-4664-594c-9eb3-d2b19e52caac','2026-06-05','11:00:00','12:15:00','individual','en_linea','confirmada',30,true,'transferencia'),
  ('841b3f1e-e1be-5458-8dce-b56d57a5e276','f2a17a5d-153e-56be-9adf-ac12f9936b6a','aaf55d12-e51c-5197-ad4f-29c87bd859c8','2026-06-06','10:30:00','11:45:00','individual','presencial','confirmada',36,true,'transferencia'),
  ('94686fdb-2e10-5f20-9752-9dd629e68085','249e0349-7039-56e6-83b9-64874b6fa3b8','b219e764-4664-594c-9eb3-d2b19e52caac','2026-06-06',null,null,'individual','en_linea','confirmada',35,true,'transferencia'),
  ('b98c4c9e-a0ce-5b29-bf53-fea91a412e73','8339d641-ceb1-51f4-9ade-4ad716bb642e','b219e764-4664-594c-9eb3-d2b19e52caac','2026-06-06',null,null,'individual','en_linea','confirmada',45,true,'transferencia'),
  ('4eab9f0e-1391-5aa3-acd0-b263436b50dd','004ba1e1-2e75-55fb-b440-233016d7c6d5','b219e764-4664-594c-9eb3-d2b19e52caac','2026-06-06',null,null,'individual','en_linea','confirmada',30,true,'transferencia'),
  ('447d0c17-712e-55da-b25e-91b698993c36','12d9cbf0-0165-55d2-8aba-09a090fa5155','aaf55d12-e51c-5197-ad4f-29c87bd859c8','2026-06-06','09:00:00','10:15:00','individual','en_linea','confirmada',39,true,'transferencia'),
  ('faee55e1-38c7-568c-80c8-286e6547fcb0','4fb74b4d-bcb6-57b7-822d-c0ad2f857587','4eb27d28-e3bf-5194-aa30-9e5a185a26c1','2026-06-08','12:00:00','13:15:00','individual','en_linea','confirmada',39,true,'transferencia'),
  ('569f220c-3482-547e-83fd-a3b3119fb9c5','5f44778a-00e3-5ffd-90a6-8492c7cdb918','b219e764-4664-594c-9eb3-d2b19e52caac','2026-06-08',null,null,'individual','en_linea','confirmada',25,true,'transferencia'),
  ('4012540f-1eb2-5514-ab90-90340a9d9abb','83beb9bf-cf8b-5ea7-8134-d754aab34d5e','b219e764-4664-594c-9eb3-d2b19e52caac','2026-06-08',null,null,'individual','en_linea','confirmada',35,false,'transferencia'),
  ('9aeaee4e-b311-5505-916b-2dc1edef6b84','7fb37e9f-9c1e-5e94-a44a-4f678a3cf792','48a4a020-8ab4-5e11-89ed-17a1e1713b54','2026-06-08','17:00:00','18:15:00','individual','presencial','confirmada',35,true,'transferencia'),
  ('2d391eea-9e13-5ddf-b0ca-3d60518ff9fd','ddc996e1-d059-5fdc-b0a6-ecd92453512c','48a4a020-8ab4-5e11-89ed-17a1e1713b54','2026-06-08','19:00:00','20:15:00','individual','en_linea','confirmada',39,true,'transferencia'),
  ('49380345-256d-5682-a684-431887a54f84','24e70b87-ede1-5859-86fb-5af629fd2855','48a4a020-8ab4-5e11-89ed-17a1e1713b54','2026-06-08','08:00:00','09:15:00','individual','presencial','confirmada',39,true,'transferencia'),
  ('23c18e3b-3fcf-58cb-ad21-9302899be0e7','8d87335f-08e9-5501-a2c7-2775ff9b879f','b219e764-4664-594c-9eb3-d2b19e52caac','2026-06-08','18:00:00','19:15:00','individual','en_linea','confirmada',39,true,'transferencia'),
  ('20b08619-a3da-5ad4-ac72-546cf80f92d8','9dbc791b-bde5-5846-8f81-969e17715479','b219e764-4664-594c-9eb3-d2b19e52caac','2026-06-08','19:00:00','20:15:00','individual','en_linea','confirmada',39,true,'transferencia'),
  ('11116faf-0037-5445-b330-a70d8d96f4a5','c6e5bce8-979f-50d2-995c-34b5472eab5d','b219e764-4664-594c-9eb3-d2b19e52caac','2026-06-08','16:00:00','17:15:00','individual','en_linea','confirmada',39,false,'transferencia'),
  ('f1eb2303-a721-5213-a758-4f1646aac953','07a9a3b2-87ac-56dd-b771-91248f1d6019','b219e764-4664-594c-9eb3-d2b19e52caac','2026-06-09',null,null,'individual','en_linea','confirmada',45,true,'transferencia'),
  ('abf36a1d-d82a-514b-8977-393ab3df0ed3','16b8d509-5977-5860-8788-35dad2532a3d','b219e764-4664-594c-9eb3-d2b19e52caac','2026-06-09',null,null,'individual','en_linea','confirmada',30,true,'transferencia'),
  ('698844e3-20db-55c1-9b5a-9dc8554e09f8','4d3b18f4-2a80-562e-bcba-b28d53c3a6ab','4eb27d28-e3bf-5194-aa30-9e5a185a26c1','2026-06-09','12:00:00','13:15:00','individual','presencial','confirmada',39,true,'transferencia'),
  ('55018477-4323-50ec-9ccb-0a7ede7e8321','b8b74f7f-6b4a-5e65-95aa-3b7c504b926e','48a4a020-8ab4-5e11-89ed-17a1e1713b54','2026-06-09','13:00:00','14:15:00','individual','en_linea','confirmada',39,false,'transferencia'),
  ('74839832-8ac9-5c18-8170-eb9a62994fbc','dcdd509b-1b5b-59a4-a82e-c2373ba9de41','4eb27d28-e3bf-5194-aa30-9e5a185a26c1','2026-06-09','18:00:00','19:15:00','individual','en_linea','cancelada',39,false,'transferencia'),
  ('0ccd977a-c50a-5fa3-9d8f-2c69a9eec054','9fc06285-d304-52f2-b3bc-2b11f2c6faf1','4eb27d28-e3bf-5194-aa30-9e5a185a26c1','2026-06-09','16:30:00','17:45:00','individual','en_linea','confirmada',39,true,'transferencia'),
  ('2ca0a25f-c892-5e50-b024-a4c2cdc28b17','8b7ab8b1-4674-54d3-b614-80ff534ca2cb','4eb27d28-e3bf-5194-aa30-9e5a185a26c1','2026-06-09','19:00:00','20:15:00','individual','en_linea','confirmada',39,true,'transferencia'),
  ('c62f74db-a573-5d1e-b46b-9fed5f3a32d9','4805adbf-39d0-535f-a2d8-6209f6413444','aaf55d12-e51c-5197-ad4f-29c87bd859c8','2026-06-09','16:00:00','17:15:00','individual','en_linea','confirmada',30,true,'transferencia'),
  ('82fcc935-ef7d-5d4f-8414-632723bebe04','1baefd5d-ca2f-504b-8c15-8c7746faa072','aaf55d12-e51c-5197-ad4f-29c87bd859c8','2026-06-09','18:00:00','19:15:00','individual','en_linea','cancelada',40,false,'transferencia'),
  ('e3a2e8f2-953d-50fb-9a3f-3c49db794bcd','a1b091c4-9bd8-5bf4-a2c2-dad62c8dc042','48a4a020-8ab4-5e11-89ed-17a1e1713b54','2026-06-09','19:00:00','20:15:00','individual','en_linea','confirmada',32,false,'transferencia'),
  ('97d20573-176a-5870-ab25-6203fa2a258f','485c66f2-2357-54e7-8025-b25bf85fb43a','b219e764-4664-594c-9eb3-d2b19e52caac','2026-06-09','10:00:00','11:15:00','individual','en_linea','confirmada',30,true,'transferencia'),
  ('3e80ef5e-38c1-598a-94d3-a5fc2582e3ce','6ab917e2-2b3c-5328-8cb4-aa04d8a55caa','48a4a020-8ab4-5e11-89ed-17a1e1713b54','2026-06-09','10:00:00','11:15:00','individual','presencial','confirmada',36,true,'transferencia'),
  ('058ce2b1-ae5e-56e2-8039-d7e4bced8a59','0d6c3206-24b6-55e8-af0e-60652458cd53','4eb27d28-e3bf-5194-aa30-9e5a185a26c1','2026-06-10','16:30:00','17:45:00','individual','presencial','confirmada',39,true,'transferencia'),
  ('2914f696-9a2f-578d-9807-e46ae2704854','8caa690d-6665-56ba-84ae-9a0481881090','b219e764-4664-594c-9eb3-d2b19e52caac','2026-06-10','16:00:00','17:15:00','individual','en_linea','confirmada',40,true,'transferencia'),
  ('9924620c-d7e6-584f-8a39-c3b2fd694741','7b93da81-80c4-56cd-8be3-2299a690b571','b219e764-4664-594c-9eb3-d2b19e52caac','2026-06-10',null,null,'individual','en_linea','confirmada',36,false,'transferencia'),
  ('5aad853c-b2f6-5536-9ff9-1ad44c9dc723','3151c0db-dd84-568c-9ca2-188c0be7a57a','b219e764-4664-594c-9eb3-d2b19e52caac','2026-06-10',null,null,'individual','en_linea','confirmada',20,true,'transferencia'),
  ('914b750c-055d-5ac3-8e9b-50dde82d126b','072cdbb6-2fc0-5ab1-9a42-34614b7e76f8','b219e764-4664-594c-9eb3-d2b19e52caac','2026-06-10',null,null,'individual','en_linea','confirmada',35,true,'transferencia'),
  ('9100de2b-8692-5a54-9c33-6a89828353d6','35eb7905-f3da-54ef-ba54-955065a4ea64','b219e764-4664-594c-9eb3-d2b19e52caac','2026-06-10',null,null,'individual','en_linea','confirmada',50,true,'transferencia'),
  ('a41b1ed8-4d33-5db3-90df-0d8da43388b8','0ccb60bd-7f8f-56df-a0eb-fb47c8843aae','4eb27d28-e3bf-5194-aa30-9e5a185a26c1','2026-06-10','12:00:00','13:15:00','individual','en_linea','confirmada',39,false,'transferencia'),
  ('9021b13b-3bd7-5a90-b889-7b3a4cf6c12c','5c557438-2365-51e6-b4c5-a1cea6b26c7a','2f5bf11b-42a8-562f-99c9-501c62a4ca04','2026-06-10','15:00:00','16:15:00','individual','en_linea','cancelada',39,false,'transferencia'),
  ('9d440969-cc98-5e24-85fa-5103bae3d853','cbdea12a-f594-5852-8eeb-684097cca3be','4eb27d28-e3bf-5194-aa30-9e5a185a26c1','2026-06-10','18:00:00','19:15:00','individual','presencial','confirmada',39,true,'transferencia'),
  ('6249657f-6cfa-5304-b922-fa20db99be8e','77dfbe76-775d-51a2-96a1-7014613e93d3','48a4a020-8ab4-5e11-89ed-17a1e1713b54','2026-06-10','19:00:00','20:15:00','individual','presencial','cancelada',39,false,'transferencia'),
  ('3de9ecd9-caeb-54d2-93ff-2397e4431ce7','ed45266f-e7cd-56dc-ae30-371d9d5a4628','48a4a020-8ab4-5e11-89ed-17a1e1713b54','2026-06-10','08:00:00','09:15:00','individual','en_linea','cancelada',36,false,'transferencia'),
  ('4d182cf3-6d03-5a46-961d-1268b4abf1b3','a3a95d0a-feae-549c-bd37-889ab6d1c1cd','aaf55d12-e51c-5197-ad4f-29c87bd859c8','2026-06-10','17:00:00','18:15:00','individual','presencial','cancelada',40,false,'transferencia'),
  ('e36f15ae-b063-5621-bc33-8fb1ba266167','0411dc97-fd59-5c80-b752-ca65ed32620e','4eb27d28-e3bf-5194-aa30-9e5a185a26c1','2026-06-10','10:00:00','11:15:00','individual','presencial','confirmada',39,true,'transferencia'),
  ('81e539a5-d7da-58fa-8d6a-92ef900f7074','d6f3221a-5cb6-50bd-85c6-a602f8ee67a9','aaf55d12-e51c-5197-ad4f-29c87bd859c8','2026-06-10','16:00:00','17:15:00','individual','en_linea','confirmada',39,true,'transferencia'),
  ('af2eb3bc-970b-57a1-baff-898b51fe501b','ef44ec80-7e15-57bd-af3b-7bbbb87c2edc','48a4a020-8ab4-5e11-89ed-17a1e1713b54','2026-06-10','00:00:00','01:15:00','individual','presencial','cancelada',50,false,'transferencia'),
  ('ec00d525-999d-531a-a857-420eff292209','78935200-ec84-5bdb-a3fa-d394c70583ab','b219e764-4664-594c-9eb3-d2b19e52caac','2026-06-11','14:00:00','15:15:00','individual','en_linea','confirmada',35,false,'transferencia'),
  ('c3d26846-5554-5b39-bea0-8d85d889c395','79588800-8c00-5613-87fd-682e9f83f7d5','4eb27d28-e3bf-5194-aa30-9e5a185a26c1','2026-06-11','16:00:00','17:15:00','individual','presencial','cancelada',39,false,'transferencia'),
  ('9998c86a-e213-5182-be84-08375769108f','ef44ec80-7e15-57bd-af3b-7bbbb87c2edc','48a4a020-8ab4-5e11-89ed-17a1e1713b54','2026-06-11','14:30:00','15:45:00','individual','presencial','confirmada',50,false,'transferencia'),
  ('d37e519a-e951-5089-882d-e4f960c2c556','bbdffb24-f5da-5d7d-9ce9-0b08a41bf2f5','48a4a020-8ab4-5e11-89ed-17a1e1713b54','2026-06-11','19:00:00','20:15:00','individual','presencial','cancelada',39,false,'transferencia'),
  ('2a206341-9445-5095-bf13-b120240b114e','e84b3d46-98fc-56e6-a27a-e4e940f43fa2','b219e764-4664-594c-9eb3-d2b19e52caac','2026-06-11','17:00:00','18:15:00','individual','en_linea','confirmada',35,true,'transferencia'),
  ('c150b6ba-4b81-5f21-860e-2ffaf6020598','7d5466f3-6dbd-5ecb-ba33-0d6fe5c6eb02','b219e764-4664-594c-9eb3-d2b19e52caac','2026-06-11',null,null,'individual','en_linea','cancelada',45,false,'transferencia'),
  ('82514616-faa3-5d37-800c-b4736fc07713','595651cc-e579-552e-af8a-a3ffd4fe2341','aaf55d12-e51c-5197-ad4f-29c87bd859c8','2026-06-11','16:00:00','17:15:00','individual','presencial','cancelada',39,false,'transferencia'),
  ('386c4491-9edf-5e6b-b7cd-082332e56f45','ed45266f-e7cd-56dc-ae30-371d9d5a4628','48a4a020-8ab4-5e11-89ed-17a1e1713b54','2026-06-11','08:00:00','09:15:00','individual','en_linea','confirmada',36,true,'transferencia'),
  ('156d8a31-cc2d-5437-b656-655f6550f12c','8339d641-ceb1-51f4-9ade-4ad716bb642e','b219e764-4664-594c-9eb3-d2b19e52caac','2026-06-11','16:00:00','17:15:00','individual','presencial','confirmada',45,true,'transferencia'),
  ('e8c335fc-d2fc-5a38-a6aa-47483f39f5c5','6273edc2-de09-5f0a-aaec-1f2739171140','b219e764-4664-594c-9eb3-d2b19e52caac','2026-06-11','10:00:00','11:15:00','individual','presencial','confirmada',20,true,'transferencia'),
  ('313535d7-c6f3-5fea-9fcf-d2aeb08e4014','53dbdfce-5b07-578c-8da9-0e72f5062080','48a4a020-8ab4-5e11-89ed-17a1e1713b54','2026-06-11','09:00:00','10:15:00','individual','en_linea','confirmada',39,true,'transferencia'),
  ('aa6a62da-d5ea-5306-9715-ddb02569c162','49d3adf8-6beb-542c-83cf-fbdaa58d4703','aaf55d12-e51c-5197-ad4f-29c87bd859c8','2026-06-11','17:00:00','18:15:00','individual','presencial','cancelada',39,false,'transferencia'),
  ('060fce02-5d82-55c1-9735-67febcf43da5','37c9931d-81b6-5b46-a1ad-1734f3bc6aa4','b219e764-4664-594c-9eb3-d2b19e52caac','2026-06-11','18:00:00','19:15:00','individual','en_linea','confirmada',45,true,'transferencia'),
  ('55cbcb88-dd4b-5867-bae1-c0dae34cdb7f','496104e7-6e83-5e07-9911-3651a27f45c9','48a4a020-8ab4-5e11-89ed-17a1e1713b54','2026-06-12','18:00:00','19:15:00','individual','presencial','confirmada',39,true,'transferencia'),
  ('e296cfda-bc3a-52dc-ba42-8a56a312447f','e94b6775-3225-56da-9be5-d4318cb45584','2f5bf11b-42a8-562f-99c9-501c62a4ca04','2026-06-12','10:30:00','11:45:00','individual','presencial','confirmada',39,true,'transferencia'),
  ('3147616a-f42a-5568-ac52-1b52f12f83c3','2858ff52-22bb-5621-8687-700cbb6e6445','b219e764-4664-594c-9eb3-d2b19e52caac','2026-06-12','09:00:00','10:15:00','individual','presencial','cancelada',39,false,'transferencia'),
  ('c86cdbab-4b7a-54ed-9b4a-4fc0018caeb8','aa338b1c-99c6-5440-ad9a-8e4cd0ad9c34','aaf55d12-e51c-5197-ad4f-29c87bd859c8','2026-06-12','17:00:00','18:15:00','individual','presencial','confirmada',39,true,'transferencia'),
  ('188ebda4-0e5b-508f-9b61-700018b31f7a','7b17aeca-6b0c-5190-8dfa-c521941703ba','48a4a020-8ab4-5e11-89ed-17a1e1713b54','2026-06-12','09:00:00','10:15:00','individual','en_linea','cancelada',35,false,'transferencia'),
  ('769e5416-9ed1-5dcd-a028-68e873222eed','ef44ec80-7e15-57bd-af3b-7bbbb87c2edc','48a4a020-8ab4-5e11-89ed-17a1e1713b54','2026-06-12','14:30:00','15:45:00','individual','presencial','confirmada',50,true,'transferencia'),
  ('03a367b6-7ec8-596a-863e-308da2cf74bc','3e1eb94a-5627-5b97-8645-b01a9056919d','b219e764-4664-594c-9eb3-d2b19e52caac','2026-06-12','17:00:00','18:15:00','individual','en_linea','cancelada',39,false,'transferencia'),
  ('38ff750d-9a92-5964-a4c1-a3865d630674','595651cc-e579-552e-af8a-a3ffd4fe2341','aaf55d12-e51c-5197-ad4f-29c87bd859c8','2026-06-12','16:00:00','17:15:00','individual','presencial','confirmada',39,true,'transferencia'),
  ('4bda6ea5-4761-5af6-829b-8c553fb4bc39','a1d1b73a-b0fb-55dc-8fa4-d9855a2cbf9e','48a4a020-8ab4-5e11-89ed-17a1e1713b54','2026-06-12','18:00:00','19:15:00','individual','en_linea','confirmada',39,true,'transferencia'),
  ('3b4b1b05-6013-5295-acf2-998445c30fa5','004ba1e1-2e75-55fb-b440-233016d7c6d5','b219e764-4664-594c-9eb3-d2b19e52caac','2026-06-12',null,null,'individual','en_linea','confirmada',30,true,'transferencia'),
  ('020d4f67-a204-5591-9b0a-9107964a11ee','4de68c91-8315-5eab-b15e-b1bde54a6d77','4eb27d28-e3bf-5194-aa30-9e5a185a26c1','2026-06-13','12:00:00','13:15:00','individual','presencial','confirmada',36,true,'transferencia'),
  ('70f38313-a105-50ab-a6a9-caff1ccc42c6','f2a17a5d-153e-56be-9adf-ac12f9936b6a','aaf55d12-e51c-5197-ad4f-29c87bd859c8','2026-06-13','10:30:00','11:45:00','individual','presencial','confirmada',36,true,'transferencia'),
  ('51d7848d-31ed-5485-865b-9be321d62084','106818e5-2ca3-5fb4-be80-a4a202def799','aaf55d12-e51c-5197-ad4f-29c87bd859c8','2026-06-13','11:30:00','12:45:00','individual','presencial','confirmada',39,true,'transferencia'),
  ('012c53f0-6bde-5bae-ad53-3a051120fe98','f2a17a5d-153e-56be-9adf-ac12f9936b6a','48a4a020-8ab4-5e11-89ed-17a1e1713b54','2026-06-13','10:30:00','11:45:00','individual','presencial','confirmada',36,true,'transferencia'),
  ('4994fd98-4ccf-5603-b1aa-5b88d670ffa5','12d9cbf0-0165-55d2-8aba-09a090fa5155','aaf55d12-e51c-5197-ad4f-29c87bd859c8','2026-06-13','09:00:00','10:15:00','individual','en_linea','confirmada',39,true,'transferencia'),
  ('2ba2ca9c-fc67-5218-b83f-be1f67237b16','832ee36a-3a47-5731-8485-2ec6be62833b','48a4a020-8ab4-5e11-89ed-17a1e1713b54','2026-06-15','18:00:00','19:15:00','individual','presencial','confirmada',39,false,'transferencia'),
  ('f51f1986-76cd-5e69-9fe1-f18ae0015167','4fb74b4d-bcb6-57b7-822d-c0ad2f857587','4eb27d28-e3bf-5194-aa30-9e5a185a26c1','2026-06-15','12:00:00','13:15:00','individual','en_linea','cancelada',39,false,'transferencia'),
  ('5c592fa5-2db2-50b9-9421-846711d0be53','8d87335f-08e9-5501-a2c7-2775ff9b879f','b219e764-4664-594c-9eb3-d2b19e52caac','2026-06-15','18:00:00','19:15:00','individual','en_linea','confirmada',39,true,'transferencia'),
  ('68a317ab-c26d-57ad-9a80-3f86a0bfb400','d03621f2-d17b-5eb6-b2ff-cdcc2408d171','b219e764-4664-594c-9eb3-d2b19e52caac','2026-06-15','19:00:00','20:15:00','individual','presencial','cancelada',40,false,'transferencia'),
  ('9e81d712-1afc-5c65-b419-0ff037e1c0f1','cbdea12a-f594-5852-8eeb-684097cca3be','4eb27d28-e3bf-5194-aa30-9e5a185a26c1','2026-06-15','11:00:00','12:15:00','individual','presencial','cancelada',39,false,'transferencia'),
  ('85ced152-605c-5f82-8fb0-f23e71ee3c0d','ddea1b25-6983-5763-91e7-d0c9a71efaf3','aaf55d12-e51c-5197-ad4f-29c87bd859c8','2026-06-15','19:00:00','20:15:00','individual','presencial','confirmada',39,true,'transferencia'),
  ('679c399f-2a18-55a6-8c52-723d87e840f5','794fd794-bc57-5f71-b5ec-2a7badd3afa3','2f5bf11b-42a8-562f-99c9-501c62a4ca04','2026-06-15','11:00:00','12:15:00','individual','presencial','confirmada',34,true,'transferencia'),
  ('07f1b804-edbc-5e20-baaf-0eeb3a8481bd','4fb74b4d-bcb6-57b7-822d-c0ad2f857587','4eb27d28-e3bf-5194-aa30-9e5a185a26c1','2026-06-15','12:30:00','13:45:00','individual','en_linea','cancelada',39,false,'transferencia'),
  ('7dd9e199-e905-51b4-9334-b104adb4ff7a','24e70b87-ede1-5859-86fb-5af629fd2855','48a4a020-8ab4-5e11-89ed-17a1e1713b54','2026-06-15','08:00:00','09:15:00','individual','presencial','cancelada',39,false,'transferencia'),
  ('84ba3bfa-dee3-5864-8d0d-2cc023ac2505','7fb37e9f-9c1e-5e94-a44a-4f678a3cf792','48a4a020-8ab4-5e11-89ed-17a1e1713b54','2026-06-15','17:00:00','18:15:00','individual','presencial','confirmada',35,true,'transferencia'),
  ('4f6a46bb-8329-57d3-a8fb-08b80232afac','ddc996e1-d059-5fdc-b0a6-ecd92453512c','48a4a020-8ab4-5e11-89ed-17a1e1713b54','2026-06-15','19:00:00','20:15:00','individual','en_linea','confirmada',39,true,'transferencia'),
  ('8a2856ca-6cb3-51c4-8acb-d4b234a8a8e8','ee1dc8e9-d550-5974-bed4-54f3d3fa339a','48a4a020-8ab4-5e11-89ed-17a1e1713b54','2026-06-15','15:00:00','16:15:00','individual','presencial','cancelada',39,false,'transferencia'),
  ('8d8c12fd-7f80-5ed5-bb35-418e509a0169','9dbc791b-bde5-5846-8f81-969e17715479','b219e764-4664-594c-9eb3-d2b19e52caac','2026-06-15','08:00:00','09:15:00','individual','presencial','confirmada',39,true,'transferencia'),
  ('fc019117-0a00-5694-b046-577c072c308f','62a29670-7c6c-5c16-86d0-23d421e82de9','aaf55d12-e51c-5197-ad4f-29c87bd859c8','2026-06-16','16:00:00','17:15:00','individual','en_linea','cancelada',37,false,'transferencia'),
  ('94f62da5-4ecf-58af-ab5e-816eea69149a','12d9cbf0-0165-55d2-8aba-09a090fa5155','aaf55d12-e51c-5197-ad4f-29c87bd859c8','2026-06-16','18:30:00','19:45:00','individual','presencial','cancelada',39,false,'transferencia'),
  ('d0133d0a-c082-5392-a890-fdc8bdcdc995','4d3b18f4-2a80-562e-bcba-b28d53c3a6ab','4eb27d28-e3bf-5194-aa30-9e5a185a26c1','2026-06-16','11:30:00','12:45:00','individual','presencial','cancelada',39,false,'transferencia'),
  ('22e66021-e090-5f6a-ae57-b23faee243a5','8b7ab8b1-4674-54d3-b614-80ff534ca2cb','4eb27d28-e3bf-5194-aa30-9e5a185a26c1','2026-06-16','19:00:00','20:15:00','individual','en_linea','confirmada',39,true,'transferencia'),
  ('ebb4f401-a231-5075-a85e-01000ee6acc2','e38a5071-e540-5af7-aab9-254e7c1cde40','2f5bf11b-42a8-562f-99c9-501c62a4ca04','2026-06-16','11:00:00','12:15:00','individual','presencial','confirmada',39,true,'transferencia'),
  ('1f54891d-2200-509b-9e29-16efd9864836','b8b74f7f-6b4a-5e65-95aa-3b7c504b926e','48a4a020-8ab4-5e11-89ed-17a1e1713b54','2026-06-16','13:00:00','14:15:00','individual','en_linea','cancelada',39,false,'transferencia'),
  ('7c9fcbc5-8f5a-5b6f-8fdf-b3d33022d2e6','a1b091c4-9bd8-5bf4-a2c2-dad62c8dc042','48a4a020-8ab4-5e11-89ed-17a1e1713b54','2026-06-16','19:00:00','20:15:00','individual','en_linea','confirmada',32,false,'transferencia'),
  ('9aedb5e7-b17d-54fc-8a3d-604e10e4f03e','4fb74b4d-bcb6-57b7-822d-c0ad2f857587','4eb27d28-e3bf-5194-aa30-9e5a185a26c1','2026-06-16','15:00:00','16:15:00','individual','en_linea','confirmada',39,true,'transferencia'),
  ('555708f8-aed8-5d06-99e5-6580210be208','07a9a3b2-87ac-56dd-b771-91248f1d6019','b219e764-4664-594c-9eb3-d2b19e52caac','2026-06-16','11:00:00','12:15:00','individual','presencial','confirmada',45,true,'transferencia'),
  ('fa72c906-cf98-5929-8218-aa86dc404ad2','2858ff52-22bb-5621-8687-700cbb6e6445','b219e764-4664-594c-9eb3-d2b19e52caac','2026-06-16','13:00:00','14:15:00','individual','presencial','confirmada',39,true,'transferencia'),
  ('b105effd-e162-5f45-846c-5d088637c003','ee1dc8e9-d550-5974-bed4-54f3d3fa339a','48a4a020-8ab4-5e11-89ed-17a1e1713b54','2026-06-16','15:00:00','16:15:00','individual','presencial','cancelada',39,false,'transferencia'),
  ('8d04cdfc-baba-5f6e-9f22-e6dd7e23a18a','5bc5ecae-2f14-5d06-8481-81f9cc69c9d6','b219e764-4664-594c-9eb3-d2b19e52caac','2026-06-16','16:30:00','17:45:00','individual','presencial','confirmada',50,true,'transferencia'),
  ('c2f92345-d3e4-594a-ba23-3dd1366a0c54','5f44778a-00e3-5ffd-90a6-8492c7cdb918','b219e764-4664-594c-9eb3-d2b19e52caac','2026-06-16','14:00:00','15:15:00','individual','en_linea','confirmada',25,true,'transferencia'),
  ('d098f5c4-78e3-5390-b432-b661b41e6c1c','49d3adf8-6beb-542c-83cf-fbdaa58d4703','aaf55d12-e51c-5197-ad4f-29c87bd859c8','2026-06-16','14:00:00','15:15:00','individual','presencial','confirmada',39,true,'transferencia'),
  ('0d461ebc-ec72-56ad-866a-18e7e604c6b2','3e1eb94a-5627-5b97-8645-b01a9056919d','b219e764-4664-594c-9eb3-d2b19e52caac','2026-06-16','19:00:00','20:15:00','individual','en_linea','confirmada',39,false,'transferencia'),
  ('a500f70b-dade-596f-8bce-2e6795c224bc','832ee36a-3a47-5731-8485-2ec6be62833b','48a4a020-8ab4-5e11-89ed-17a1e1713b54','2026-06-16','18:00:00','19:15:00','individual','presencial','confirmada',39,true,'transferencia'),
  ('33f6f46f-a5b1-50c9-b431-c10343a64b07','24e70b87-ede1-5859-86fb-5af629fd2855','48a4a020-8ab4-5e11-89ed-17a1e1713b54','2026-06-16','08:30:00','09:45:00','individual','presencial','confirmada',39,false,'transferencia'),
  ('612cd951-76e3-51f2-b151-0c580d6fb579','0ccb60bd-7f8f-56df-a0eb-fb47c8843aae','4eb27d28-e3bf-5194-aa30-9e5a185a26c1','2026-06-17','12:00:00','13:15:00','individual','en_linea','confirmada',39,true,'transferencia'),
  ('35c19a1c-ea6f-5fd0-a927-a54321ac1e13','d4dcd64e-69b3-52ad-a565-bb68f06ae366','aaf55d12-e51c-5197-ad4f-29c87bd859c8','2026-06-17','18:00:00','19:15:00','individual','en_linea','cancelada',39,false,'transferencia'),
  ('d57836eb-4e07-53a7-af3d-e6feb0630d87','9fc06285-d304-52f2-b3bc-2b11f2c6faf1','4eb27d28-e3bf-5194-aa30-9e5a185a26c1','2026-06-17','16:30:00','17:45:00','individual','en_linea','cancelada',39,false,'transferencia'),
  ('93cd2c9d-73ef-58bf-b0c8-8f0b275fb20e','0411dc97-fd59-5c80-b752-ca65ed32620e','4eb27d28-e3bf-5194-aa30-9e5a185a26c1','2026-06-17','10:00:00','11:15:00','individual','presencial','confirmada',39,true,'transferencia'),
  ('6370e223-3989-5400-9eca-42dc4a54cfee','ed45266f-e7cd-56dc-ae30-371d9d5a4628','48a4a020-8ab4-5e11-89ed-17a1e1713b54','2026-06-17','08:00:00','09:15:00','individual','en_linea','confirmada',36,true,'transferencia'),
  ('b47fe5e1-8718-55bb-9402-5fbcda7d52f4','a1d1b73a-b0fb-55dc-8fa4-d9855a2cbf9e','48a4a020-8ab4-5e11-89ed-17a1e1713b54','2026-06-17','18:00:00','19:15:00','individual','en_linea','confirmada',39,true,'transferencia'),
  ('67f1cd3d-74c8-5efc-8077-e793b9312d4c','2c69e2e7-23e6-5b98-8934-f5feec1caf47','b219e764-4664-594c-9eb3-d2b19e52caac','2026-06-17','08:00:00','09:15:00','individual','presencial','confirmada',32,false,'transferencia'),
  ('bd26ec48-b0cd-5dec-be9c-4831f67dc8c0','88ba871c-4612-5b4a-9e66-ab675a1c2ddf','b219e764-4664-594c-9eb3-d2b19e52caac','2026-06-17','09:00:00','10:15:00','individual','en_linea','confirmada',39,false,'transferencia'),
  ('40c43a6d-fb85-5281-87da-a36eefca73f0','7099e18b-ab9b-54d9-8936-ef22d3814f8b','48a4a020-8ab4-5e11-89ed-17a1e1713b54','2026-06-17','15:00:00','16:15:00','individual','en_linea','confirmada',30,true,'transferencia'),
  ('7b344667-c21f-5a15-8801-af5312f143c5','aa338b1c-99c6-5440-ad9a-8e4cd0ad9c34','aaf55d12-e51c-5197-ad4f-29c87bd859c8','2026-06-17','17:00:00','18:15:00','individual','presencial','confirmada',39,true,'transferencia'),
  ('cac2f68a-f226-5135-bdd1-1897a0a97e53','bf8ad179-2a68-5c23-b922-426aa7cc4868','b219e764-4664-594c-9eb3-d2b19e52caac','2026-06-17','19:00:00','20:15:00','individual','en_linea','confirmada',35,false,'transferencia'),
  ('877cd71e-1b57-5c24-85bf-f49f282543cf','1021fdbb-01db-5093-af5a-cc2be7dab22f','48a4a020-8ab4-5e11-89ed-17a1e1713b54','2026-06-17','19:00:00','20:15:00','individual','en_linea','confirmada',39,true,'transferencia'),
  ('38f74542-469f-53bb-92e0-720d478ce86c','ccd379d3-aa92-511d-85eb-b9485369a185','b219e764-4664-594c-9eb3-d2b19e52caac','2026-06-18','16:00:00','17:15:00','individual','en_linea','confirmada',45,true,'transferencia'),
  ('1cdb7873-19de-5dcf-a370-76808b9e70fb','496104e7-6e83-5e07-9911-3651a27f45c9','48a4a020-8ab4-5e11-89ed-17a1e1713b54','2026-06-18','18:00:00','19:15:00','individual','presencial','cancelada',39,false,'transferencia'),
  ('8a294678-5f83-56ee-9210-a220359540a7','0d6c3206-24b6-55e8-af0e-60652458cd53','4eb27d28-e3bf-5194-aa30-9e5a185a26c1','2026-06-18','16:15:00','17:30:00','individual','presencial','confirmada',39,false,'transferencia'),
  ('98f75e6d-0b46-550a-a8d6-1f63a3e99ce8','53dbdfce-5b07-578c-8da9-0e72f5062080','48a4a020-8ab4-5e11-89ed-17a1e1713b54','2026-06-18','08:30:00','09:45:00','individual','en_linea','confirmada',39,true,'transferencia'),
  ('b04de53b-a5bf-5983-add2-491455ba7ada','bbdffb24-f5da-5d7d-9ce9-0b08a41bf2f5','48a4a020-8ab4-5e11-89ed-17a1e1713b54','2026-06-18','19:00:00','20:15:00','individual','presencial','cancelada',39,false,'transferencia'),
  ('9d19918f-51b6-5d11-80f4-cbbd36cd3daf','82db5b4f-d960-576e-9bda-c520a60d2856','b219e764-4664-594c-9eb3-d2b19e52caac','2026-06-18','18:30:00','19:45:00','individual','en_linea','confirmada',35,true,'transferencia'),
  ('6381fbcd-5098-50f8-bb37-9a1f52aa735b','2f10c585-29c8-53d2-bea0-9e8ccd0ccb25','b219e764-4664-594c-9eb3-d2b19e52caac','2026-06-18','09:00:00','10:15:00','individual','presencial','confirmada',35,false,'transferencia'),
  ('bcb88a67-1b2e-5edf-9746-c20f4e8723bb','53dbdfce-5b07-578c-8da9-0e72f5062080','48a4a020-8ab4-5e11-89ed-17a1e1713b54','2026-06-18','08:00:00','09:15:00','individual','en_linea','confirmada',39,true,'transferencia'),
  ('58ddc175-bda7-52d9-8a96-579e5fe4b446','9fc06285-d304-52f2-b3bc-2b11f2c6faf1','4eb27d28-e3bf-5194-aa30-9e5a185a26c1','2026-06-18','19:30:00','20:45:00','individual','en_linea','confirmada',39,true,'transferencia'),
  ('77b0db41-317c-519e-ae3c-d856c0daad58','ee1dc8e9-d550-5974-bed4-54f3d3fa339a','48a4a020-8ab4-5e11-89ed-17a1e1713b54','2026-06-18','16:00:00','17:15:00','individual','presencial','confirmada',35,true,'transferencia'),
  ('8639c025-50e6-5b27-a2d7-78c38718c89f','ef9f8557-ab41-5ab7-92d3-f57b39fd32be','aaf55d12-e51c-5197-ad4f-29c87bd859c8','2026-06-18','11:00:00','12:15:00','individual','en_linea','confirmada',39,false,'transferencia'),
  ('a0fd552e-8fb4-5fe8-800a-8da5d5cab352','7d5466f3-6dbd-5ecb-ba33-0d6fe5c6eb02','b219e764-4664-594c-9eb3-d2b19e52caac','2026-06-18',null,null,'individual','en_linea','confirmada',45,false,'transferencia'),
  ('a89c4ac3-4402-5ca2-bba9-6ba3d538387b','c5649901-0f45-5667-bd6f-810542993996','4eb27d28-e3bf-5194-aa30-9e5a185a26c1','2026-06-18','12:00:00','13:15:00','individual','en_linea','confirmada',39,true,'transferencia'),
  ('6fdfbd51-a076-5ed4-b1bf-bcd1db7ee13d','ede6a2f7-5625-58dd-99d0-36dfcd1a61cf','48a4a020-8ab4-5e11-89ed-17a1e1713b54','2026-06-19','15:30:00','16:45:00','individual','presencial','confirmada',39,true,'transferencia'),
  ('23d97cb8-8fbc-51b7-9a6a-6a5238aafb1e','c0cfefae-961c-5575-a9ac-92aeda99cfa8','4eb27d28-e3bf-5194-aa30-9e5a185a26c1','2026-06-19','17:30:00','18:45:00','individual','presencial','confirmada',36,false,'transferencia'),
  ('61573693-07e4-5091-8bd0-4b0c00bfeb44','b0d11040-e454-5f92-9f08-20ba7ea9a801','48a4a020-8ab4-5e11-89ed-17a1e1713b54','2026-06-19','18:00:00','19:15:00','individual','presencial','confirmada',39,true,'transferencia'),
  ('6de125fd-c345-558d-a0b9-cc5739d8cd5a','e84b3d46-98fc-56e6-a27a-e4e940f43fa2','b219e764-4664-594c-9eb3-d2b19e52caac','2026-06-19','08:00:00','09:15:00','individual','presencial','confirmada',35,true,'transferencia'),
  ('b3d0b1bd-e879-5d6b-acef-82e5f19e6d7d','ef44ec80-7e15-57bd-af3b-7bbbb87c2edc','48a4a020-8ab4-5e11-89ed-17a1e1713b54','2026-06-19','14:30:00','15:45:00','individual','presencial','confirmada',35,true,'transferencia'),
  ('f7ca124b-9bc2-532a-940e-f06e88ef782b','c7f5c183-5128-5e12-bff7-f339196d03e1','aaf55d12-e51c-5197-ad4f-29c87bd859c8','2026-06-19','18:30:00','19:45:00','individual','en_linea','confirmada',39,false,'transferencia'),
  ('6d47a2d7-ef05-5c52-b336-5da755dd8ef0','c1819b33-109c-578b-be35-03863bec9d02','b219e764-4664-594c-9eb3-d2b19e52caac','2026-06-19','09:30:00','10:45:00','individual','en_linea','confirmada',10,true,'transferencia'),
  ('fa4b8602-e0ab-5702-be22-3aee3487727f','106818e5-2ca3-5fb4-be80-a4a202def799','aaf55d12-e51c-5197-ad4f-29c87bd859c8','2026-06-19','16:00:00','17:15:00','individual','presencial','confirmada',39,true,'transferencia'),
  ('dfb87d54-d8c0-5a14-8ba9-b25f51a24091','18e50af9-e9c1-503b-adc1-81044048e4a1','aaf55d12-e51c-5197-ad4f-29c87bd859c8','2026-06-19','17:00:00','18:15:00','individual','presencial','confirmada',39,false,'transferencia'),
  ('022437ff-3527-5639-8cbd-353234bc5b05','e963b953-de23-59bf-9ed3-ff9d74499074','2f5bf11b-42a8-562f-99c9-501c62a4ca04','2026-06-19','16:00:00','17:15:00','individual','en_linea','cancelada',35,false,'transferencia'),
  ('8d348523-ffed-5fdb-9944-6fb797afc8d6','4d548661-144a-5bdc-8b8f-ccd4af56b262','b219e764-4664-594c-9eb3-d2b19e52caac','2026-06-19',null,null,'individual','en_linea','confirmada',40,true,'transferencia'),
  ('0d402d92-47ed-5327-ba81-9159c776371b','4de68c91-8315-5eab-b15e-b1bde54a6d77','4eb27d28-e3bf-5194-aa30-9e5a185a26c1','2026-06-20','12:00:00','13:15:00','individual','presencial','confirmada',36,true,'transferencia'),
  ('1eee90f9-90e1-5284-87c7-4e4c66e3da60','6ab917e2-2b3c-5328-8cb4-aa04d8a55caa','48a4a020-8ab4-5e11-89ed-17a1e1713b54','2026-06-20','10:30:00','11:45:00','individual','presencial','confirmada',36,true,'transferencia'),
  ('122c76d4-b80e-5aeb-a241-c96d106fedd6','9c8e80dc-fb7d-5530-b960-b61699d655eb','b219e764-4664-594c-9eb3-d2b19e52caac','2026-06-20','17:00:00','18:15:00','individual','presencial','confirmada',36,false,'transferencia'),
  ('3b8707b3-c51c-53ae-a7ae-c4fc11e40af2','589739d9-e006-56af-8fcf-8b7dc08c8024','b219e764-4664-594c-9eb3-d2b19e52caac','2026-06-20','15:00:00','16:15:00','individual','presencial','confirmada',30,true,'transferencia'),
  ('9177028d-35cb-57af-9843-b3621875c5f8','f2a17a5d-153e-56be-9adf-ac12f9936b6a','aaf55d12-e51c-5197-ad4f-29c87bd859c8','2026-06-20','10:30:00','11:45:00','individual','presencial','confirmada',36,true,'transferencia'),
  ('b06e1984-7e00-5831-9cf4-adbb9425d282','e963b953-de23-59bf-9ed3-ff9d74499074','2f5bf11b-42a8-562f-99c9-501c62a4ca04','2026-06-20','14:00:00','15:15:00','individual','en_linea','confirmada',35,true,'transferencia'),
  ('e61a5fa0-bd2f-51d8-a1d1-45ffd8319856','e0eb299e-c030-52e3-af26-293a4b7f9ff7','b219e764-4664-594c-9eb3-d2b19e52caac','2026-06-20',null,null,'individual','en_linea','confirmada',35,true,'transferencia'),
  ('ce868f1a-beec-5aca-a929-8b60a6ac2041','5ef8d924-0ee7-595b-9b03-e1370b5ccf61','2f5bf11b-42a8-562f-99c9-501c62a4ca04','2026-06-20',null,null,'individual','en_linea','confirmada',30,true,'transferencia'),
  ('004b0d0d-9910-56bd-9d76-287551275373','8339d641-ceb1-51f4-9ade-4ad716bb642e','b219e764-4664-594c-9eb3-d2b19e52caac','2026-06-20',null,null,'individual','en_linea','confirmada',45,true,'transferencia'),
  ('1c0946eb-78ab-5e44-b76b-81653d6e7961','004ba1e1-2e75-55fb-b440-233016d7c6d5','b219e764-4664-594c-9eb3-d2b19e52caac','2026-06-20',null,null,'individual','en_linea','confirmada',30,true,'transferencia'),
  ('5c4355d9-d53e-5999-bdba-21c8d04b0b24','953784d8-1337-5d38-ab3f-f1c0e167e2ab','b219e764-4664-594c-9eb3-d2b19e52caac','2026-06-22','14:00:00','15:15:00','individual','en_linea','confirmada',45,true,'transferencia'),
  ('e55b9db4-107d-5474-9689-a613fe8b9235','9dbc791b-bde5-5846-8f81-969e17715479','b219e764-4664-594c-9eb3-d2b19e52caac','2026-06-22',null,null,'individual','en_linea','confirmada',39,true,'transferencia'),
  ('cd06fba5-90a6-5aaa-a5e6-73f7d88a46c5','16b8d509-5977-5860-8788-35dad2532a3d','b219e764-4664-594c-9eb3-d2b19e52caac','2026-06-22',null,null,'individual','en_linea','confirmada',30,true,'transferencia'),
  ('7cf75443-2e46-560d-9277-c2fe76f67138','7b93da81-80c4-56cd-8be3-2299a690b571','b219e764-4664-594c-9eb3-d2b19e52caac','2026-06-22',null,null,'individual','en_linea','confirmada',36,false,'transferencia'),
  ('20f4291e-f9c9-5a63-b434-f7c144b23826','84bb4294-fdba-57c0-bda3-95e583593213','b219e764-4664-594c-9eb3-d2b19e52caac','2026-06-22',null,null,'individual','en_linea','confirmada',30,true,'transferencia'),
  ('72b7bd4e-cff3-57ed-80bc-61dfbbd98360','8b7ab8b1-4674-54d3-b614-80ff534ca2cb','4eb27d28-e3bf-5194-aa30-9e5a185a26c1','2026-06-22','19:30:00','20:45:00','individual','en_linea','confirmada',39,false,'transferencia'),
  ('644469fa-52f4-5c40-8b00-2dcc56adff2b','7fb37e9f-9c1e-5e94-a44a-4f678a3cf792','48a4a020-8ab4-5e11-89ed-17a1e1713b54','2026-06-22','17:00:00','18:15:00','individual','presencial','confirmada',35,true,'transferencia'),
  ('fcb36da5-39c0-5d58-85ee-8190f95295c6','ddc996e1-d059-5fdc-b0a6-ecd92453512c','48a4a020-8ab4-5e11-89ed-17a1e1713b54','2026-06-22','19:00:00','20:15:00','individual','en_linea','cancelada',39,false,'transferencia'),
  ('c34e78c1-fdf3-512c-b2d8-818b62e86b92','cbdea12a-f594-5852-8eeb-684097cca3be','4eb27d28-e3bf-5194-aa30-9e5a185a26c1','2026-06-22','14:00:00','15:15:00','individual','presencial','confirmada',39,false,'transferencia'),
  ('8b7aa318-bb24-5be2-81c0-9d66e78f3e69','8d87335f-08e9-5501-a2c7-2775ff9b879f','b219e764-4664-594c-9eb3-d2b19e52caac','2026-06-22','18:00:00','19:15:00','individual','en_linea','confirmada',39,false,'transferencia'),
  ('845009a9-bec5-5eff-b62e-e9eb5a891bda','dcdd509b-1b5b-59a4-a82e-c2373ba9de41','4eb27d28-e3bf-5194-aa30-9e5a185a26c1','2026-06-23','19:00:00','20:15:00','individual','en_linea','confirmada',39,false,'transferencia'),
  ('37884fe7-2c2f-5fd0-9a06-826dc6165fb8','0d6c3206-24b6-55e8-af0e-60652458cd53','4eb27d28-e3bf-5194-aa30-9e5a185a26c1','2026-06-23','16:30:00','17:45:00','individual','presencial','confirmada',39,false,'transferencia'),
  ('293e43fb-869e-53ab-874e-5fbd418a31e9','cbdea12a-f594-5852-8eeb-684097cca3be','4eb27d28-e3bf-5194-aa30-9e5a185a26c1','2026-06-23','11:00:00','12:15:00','individual','presencial','confirmada',39,false,'transferencia'),
  ('8151459e-6b72-50f4-9682-e98b2477a7f1','12d9cbf0-0165-55d2-8aba-09a090fa5155','aaf55d12-e51c-5197-ad4f-29c87bd859c8','2026-06-23','18:00:00','19:15:00','individual','en_linea','confirmada',39,false,'transferencia'),
  ('fd1d0364-6374-5c5e-9254-6158f9216891','c0cfefae-961c-5575-a9ac-92aeda99cfa8','4eb27d28-e3bf-5194-aa30-9e5a185a26c1','2026-06-23','09:00:00','10:15:00','individual','presencial','confirmada',36,false,'transferencia'),
  ('1005be12-5ed0-571d-b18a-cc60b5e7539e','a1b091c4-9bd8-5bf4-a2c2-dad62c8dc042','48a4a020-8ab4-5e11-89ed-17a1e1713b54','2026-06-23','19:00:00','20:15:00','individual','en_linea','confirmada',32,false,'transferencia'),
  ('f809a5c7-137e-5dc7-8757-1c9b4b3bfee4','53dbdfce-5b07-578c-8da9-0e72f5062080','48a4a020-8ab4-5e11-89ed-17a1e1713b54','2026-06-23','08:00:00','09:15:00','individual','en_linea','confirmada',39,true,'transferencia'),
  ('366a8f5b-0473-5727-a3d8-3c8fa045c6ee','569453aa-73ff-50b0-86ec-9b86e3d417d3','b219e764-4664-594c-9eb3-d2b19e52caac','2026-06-23','18:00:00','19:15:00','individual','en_linea','confirmada',39,true,'transferencia'),
  ('f0b10b55-f6e8-59b2-8e23-a06d0aeff41f','07a9a3b2-87ac-56dd-b771-91248f1d6019','b219e764-4664-594c-9eb3-d2b19e52caac','2026-06-23','19:00:00','20:15:00','individual','presencial','confirmada',45,false,'transferencia'),
  ('b8b20ba6-066f-5633-981d-22d68ac643c2','3615f85d-123e-5536-9def-7fb42f8bc925','48a4a020-8ab4-5e11-89ed-17a1e1713b54','2026-06-23','16:30:00','17:45:00','individual','presencial','confirmada',39,false,'transferencia'),
  ('2e8df676-ec77-5034-b74b-7f71f4c8adab','c1819b33-109c-578b-be35-03863bec9d02','b219e764-4664-594c-9eb3-d2b19e52caac','2026-06-23','11:00:00','12:15:00','individual','en_linea','confirmada',10,true,'transferencia'),
  ('d772403d-1fcc-5470-9f9e-84ae63001cbd','c0cfefae-961c-5575-a9ac-92aeda99cfa8','4eb27d28-e3bf-5194-aa30-9e5a185a26c1','2026-06-23','17:30:00','18:45:00','individual','presencial','confirmada',36,false,'transferencia'),
  ('0f356c39-b46b-5379-ad60-afa3337c534e','f7f8dca3-9ac2-509a-a969-e4951315d6dd','4eb27d28-e3bf-5194-aa30-9e5a185a26c1','2026-06-24','17:30:00','18:45:00','individual','presencial','confirmada',39,false,'transferencia'),
  ('fce15a0b-234d-5a75-892a-1500af1aa4ab','71904b68-79be-57fe-9ea6-a7b8847c9bec','48a4a020-8ab4-5e11-89ed-17a1e1713b54','2026-06-24','18:00:00','19:15:00','individual','en_linea','cancelada',39,false,'transferencia'),
  ('64d216d8-ce25-52e6-a4de-a819b62b4dee','072cdbb6-2fc0-5ab1-9a42-34614b7e76f8','b219e764-4664-594c-9eb3-d2b19e52caac','2026-06-24',null,null,'individual','en_linea','confirmada',35,false,'transferencia'),
  ('dfe6a321-0837-5ed8-a630-af71b8146371','35eb7905-f3da-54ef-ba54-955065a4ea64','b219e764-4664-594c-9eb3-d2b19e52caac','2026-06-24',null,null,'individual','en_linea','confirmada',50,false,'transferencia'),
  ('3452ac0c-7b03-5c0b-acfc-a20cf3350a6d','77dfbe76-775d-51a2-96a1-7014613e93d3','48a4a020-8ab4-5e11-89ed-17a1e1713b54','2026-06-24','19:00:00','20:15:00','individual','en_linea','cancelada',39,false,'transferencia'),
  ('b6fd0b2c-b5c5-51ca-a9b6-e83bea7c8e10','4d3b18f4-2a80-562e-bcba-b28d53c3a6ab','4eb27d28-e3bf-5194-aa30-9e5a185a26c1','2026-06-24','10:00:00','11:15:00','individual','presencial','confirmada',39,false,'transferencia'),
  ('aabd3acc-495e-518d-b5e8-a13be16df5db','0ccb60bd-7f8f-56df-a0eb-fb47c8843aae','4eb27d28-e3bf-5194-aa30-9e5a185a26c1','2026-06-24','13:00:00','14:15:00','individual','en_linea','confirmada',39,true,'transferencia'),
  ('bafb4857-47d4-58f7-ae59-72e6b276b49e','c5649901-0f45-5667-bd6f-810542993996','4eb27d28-e3bf-5194-aa30-9e5a185a26c1','2026-06-24','11:30:00','12:45:00','individual','presencial','confirmada',39,false,'transferencia'),
  ('2f49070e-550f-5a51-8400-fb82ef356d7d','ed45266f-e7cd-56dc-ae30-371d9d5a4628','48a4a020-8ab4-5e11-89ed-17a1e1713b54','2026-06-24','08:00:00','09:15:00','individual','en_linea','confirmada',36,false,'transferencia'),
  ('60fcaa1f-641f-5517-b000-b9c260ffd7f4','a1d1b73a-b0fb-55dc-8fa4-d9855a2cbf9e','48a4a020-8ab4-5e11-89ed-17a1e1713b54','2026-06-24','18:00:00','19:15:00','individual','en_linea','confirmada',39,false,'transferencia'),
  ('8b150d9a-3931-5055-9989-abd9dc343ced','1021fdbb-01db-5093-af5a-cc2be7dab22f','48a4a020-8ab4-5e11-89ed-17a1e1713b54','2026-06-24','19:00:00','20:15:00','individual','en_linea','confirmada',39,false,'transferencia'),
  ('4cb08e0c-45ef-59d2-963e-9c167e525489','d4dcd64e-69b3-52ad-a565-bb68f06ae366','aaf55d12-e51c-5197-ad4f-29c87bd859c8','2026-06-24','11:00:00','12:15:00','individual','en_linea','confirmada',39,false,'transferencia'),
  ('10961ca6-7efc-531b-8ac5-068c2e53afe0','ef9f8557-ab41-5ab7-92d3-f57b39fd32be','aaf55d12-e51c-5197-ad4f-29c87bd859c8','2026-06-24','12:00:00','13:15:00','individual','en_linea','confirmada',39,false,'transferencia'),
  ('102da45f-6582-5568-beac-c128c0731209','4f3b88bd-bfe9-5906-88ab-0cea536b5410','b219e764-4664-594c-9eb3-d2b19e52caac','2026-06-24','11:00:00','12:15:00','individual','presencial','confirmada',39,false,'transferencia'),
  ('06f6d596-b246-5a0a-a240-41fc7be19e34','f81e9d97-5ba9-5f0d-8108-13e67d1b4bff','2f5bf11b-42a8-562f-99c9-501c62a4ca04','2026-06-24','11:30:00','12:45:00','individual','en_linea','confirmada',39,false,'transferencia'),
  ('0cf4b42f-d13f-5fbb-9383-4692bf62aa4b','8caa690d-6665-56ba-84ae-9a0481881090','b219e764-4664-594c-9eb3-d2b19e52caac','2026-06-24','16:00:00','17:15:00','individual','presencial','confirmada',40,true,'transferencia'),
  ('637bd1f6-4007-5475-b973-331e1f7e3000','2c69e2e7-23e6-5b98-8934-f5feec1caf47','b219e764-4664-594c-9eb3-d2b19e52caac','2026-06-24','08:00:00','09:15:00','individual','presencial','confirmada',32,false,'transferencia'),
  ('c0383bb6-9fe2-5260-879f-b2c11b06d39e','3151c0db-dd84-568c-9ca2-188c0be7a57a','b219e764-4664-594c-9eb3-d2b19e52caac','2026-06-24','17:00:00','18:15:00','individual','en_linea','confirmada',20,false,'transferencia'),
  ('e7b3a009-d4ac-5d0b-bb42-3cd0e94bde4c','78935200-ec84-5bdb-a3fa-d394c70583ab','b219e764-4664-594c-9eb3-d2b19e52caac','2026-06-25','14:00:00','15:15:00','individual','en_linea','confirmada',35,false,'transferencia'),
  ('20125e46-f186-5505-9b21-b92cf5ecccb8','fc0e76c3-7e32-5709-ad3d-224508a342f9','4eb27d28-e3bf-5194-aa30-9e5a185a26c1','2026-06-25','19:30:00','20:45:00','individual','presencial','confirmada',39,false,'transferencia'),
  ('0733d59b-b8d9-59d3-bf45-a89c80939be2','82db5b4f-d960-576e-9bda-c520a60d2856','b219e764-4664-594c-9eb3-d2b19e52caac','2026-06-25','18:30:00','19:45:00','individual','en_linea','confirmada',35,true,'transferencia'),
  ('4bb9b296-af37-58ed-9d02-e1e7b1e9307b','0bf86a8d-b4bd-52dd-a28f-913c1eba28b1','b219e764-4664-594c-9eb3-d2b19e52caac','2026-06-25','08:00:00','09:15:00','individual','en_linea','confirmada',39,false,'transferencia'),
  ('59ce14ac-8a35-55fa-b3c6-0a83bdee8486','794fd794-bc57-5f71-b5ec-2a7badd3afa3','2f5bf11b-42a8-562f-99c9-501c62a4ca04','2026-06-25','11:30:00','12:45:00','individual','presencial','confirmada',34,false,'transferencia'),
  ('23f38cda-a1f4-5395-9396-fe035254e1e9','0411dc97-fd59-5c80-b752-ca65ed32620e','4eb27d28-e3bf-5194-aa30-9e5a185a26c1','2026-06-25','11:30:00','12:45:00','individual','presencial','confirmada',39,false,'transferencia'),
  ('58895be0-1004-57ac-8acb-0cee97b7b90b','aa338b1c-99c6-5440-ad9a-8e4cd0ad9c34','aaf55d12-e51c-5197-ad4f-29c87bd859c8','2026-06-25','12:00:00','13:15:00','individual','presencial','confirmada',39,false,'transferencia'),
  ('fbfc5512-ffd2-5465-8a71-55dc0e6935e5','8339d641-ceb1-51f4-9ade-4ad716bb642e','b219e764-4664-594c-9eb3-d2b19e52caac','2026-06-25','16:00:00','17:15:00','individual','presencial','confirmada',45,false,'transferencia'),
  ('46f6bae7-057c-5ebb-89b6-b97cfbe28474','7d5466f3-6dbd-5ecb-ba33-0d6fe5c6eb02','b219e764-4664-594c-9eb3-d2b19e52caac','2026-06-25','20:00:00','21:15:00','individual','en_linea','confirmada',45,false,'transferencia'),
  ('bf4b9ba7-0ca3-5524-b402-2e8ae1c411a7','ede6a2f7-5625-58dd-99d0-36dfcd1a61cf','48a4a020-8ab4-5e11-89ed-17a1e1713b54','2026-06-26','15:30:00','16:45:00','individual','presencial','confirmada',39,false,'transferencia'),
  ('cb3f908a-8663-52f9-ade5-5dd0a1964dfe','e94b6775-3225-56da-9be5-d4318cb45584','2f5bf11b-42a8-562f-99c9-501c62a4ca04','2026-06-26','10:30:00','11:45:00','individual','presencial','cancelada',39,false,'transferencia'),
  ('043dc240-da11-54a6-8803-1e99e7d781f4','12d9cbf0-0165-55d2-8aba-09a090fa5155','aaf55d12-e51c-5197-ad4f-29c87bd859c8','2026-06-26','17:00:00','18:15:00','individual','en_linea','confirmada',39,false,'transferencia'),
  ('52fbb503-17c7-534c-8011-c9d7993a256f','e84b3d46-98fc-56e6-a27a-e4e940f43fa2','b219e764-4664-594c-9eb3-d2b19e52caac','2026-06-26','08:00:00','09:15:00','individual','en_linea','confirmada',35,false,'transferencia'),
  ('6b968e03-b38f-52e7-8ff0-f34ef0b078ed','2f10c585-29c8-53d2-bea0-9e8ccd0ccb25','b219e764-4664-594c-9eb3-d2b19e52caac','2026-06-26','09:00:00','10:15:00','individual','presencial','confirmada',35,false,'transferencia'),
  ('49160069-7448-5716-8a25-e9e3e7dde714','18e50af9-e9c1-503b-adc1-81044048e4a1','aaf55d12-e51c-5197-ad4f-29c87bd859c8','2026-06-26','18:00:00','19:15:00','individual','presencial','confirmada',39,false,'transferencia'),
  ('be3bc93e-ebb2-5a8c-96ff-39f338634619','4de68c91-8315-5eab-b15e-b1bde54a6d77','4eb27d28-e3bf-5194-aa30-9e5a185a26c1','2026-06-27','12:00:00','13:15:00','individual','presencial','confirmada',36,false,'transferencia'),
  ('351f7ff3-7797-5a27-a864-3bf02aeba779','b7889b9a-e659-5571-910d-8f71bbe90f6c','b219e764-4664-594c-9eb3-d2b19e52caac','2026-06-27','10:00:00','11:15:00','individual','en_linea','cancelada',20,false,'transferencia'),
  ('dbb779f0-8a94-5d9f-86ed-c38f987916a7','f2a17a5d-153e-56be-9adf-ac12f9936b6a','aaf55d12-e51c-5197-ad4f-29c87bd859c8','2026-06-27','10:30:00','11:45:00','individual','presencial','cancelada',36,false,'transferencia'),
  ('7a80d56e-2bb8-5791-9186-0f1920e61ef6','9c8e80dc-fb7d-5530-b960-b61699d655eb','b219e764-4664-594c-9eb3-d2b19e52caac','2026-06-27','09:00:00','10:15:00','individual','presencial','confirmada',36,false,'transferencia'),
  ('d4e2ede1-acb9-5e63-8a58-c73ea24cea57','ad688cff-d862-5108-8b78-cc26094373fb','b219e764-4664-594c-9eb3-d2b19e52caac','2026-06-29','11:00:00','12:15:00','individual','presencial','confirmada',21,false,'transferencia'),
  ('f84600dd-cbda-5221-b919-9e637783cc26','7fb37e9f-9c1e-5e94-a44a-4f678a3cf792','48a4a020-8ab4-5e11-89ed-17a1e1713b54','2026-06-29','17:00:00','18:15:00','individual','presencial','confirmada',35,false,'transferencia'),
  ('61d718cd-2307-5e02-8dd8-b6eb8533ee5e','8b7ab8b1-4674-54d3-b614-80ff534ca2cb','4eb27d28-e3bf-5194-aa30-9e5a185a26c1','2026-06-29','20:00:00','21:15:00','individual','en_linea','confirmada',39,false,'transferencia'),
  ('0a28f8e3-82be-5600-9f86-99215be4f274','4d3b18f4-2a80-562e-bcba-b28d53c3a6ab','4eb27d28-e3bf-5194-aa30-9e5a185a26c1','2026-06-29','11:30:00','12:45:00','individual','presencial','confirmada',39,false,'transferencia'),
  ('3a5767e6-3eaf-5ed1-8eca-b9d421799552','5c557438-2365-51e6-b4c5-a1cea6b26c7a','2f5bf11b-42a8-562f-99c9-501c62a4ca04','2026-06-30','15:00:00','16:15:00','individual','en_linea','confirmada',39,false,'transferencia'),
  ('f15b911d-50dc-5c6f-8ac5-53803302f4ac','77dfbe76-775d-51a2-96a1-7014613e93d3','48a4a020-8ab4-5e11-89ed-17a1e1713b54','2026-07-01','19:00:00','20:15:00','individual','en_linea','cancelada',39,false,'transferencia'),
  ('80179339-02e8-5006-a8c8-8aef108846a3','0b83024b-d5f1-5d4e-92a5-bcf4d65e4241','4eb27d28-e3bf-5194-aa30-9e5a185a26c1','2026-07-01','11:30:00','12:45:00','individual','presencial','confirmada',39,false,'transferencia'),
  ('ab2597a6-c81f-5892-9299-d3bc0f6e79c5','c5649901-0f45-5667-bd6f-810542993996','4eb27d28-e3bf-5194-aa30-9e5a185a26c1','2026-07-01','16:30:00','17:45:00','individual','presencial','confirmada',39,false,'transferencia'),
  ('d1ab488f-ed6b-5f5a-88aa-c35b6fae56ec','ccd379d3-aa92-511d-85eb-b9485369a185','b219e764-4664-594c-9eb3-d2b19e52caac','2026-07-02','16:00:00','17:15:00','individual','en_linea','confirmada',45,false,'transferencia'),
  ('262ef562-f352-51c2-885f-c1d66ec1d591','dcdd509b-1b5b-59a4-a82e-c2373ba9de41','4eb27d28-e3bf-5194-aa30-9e5a185a26c1','2026-07-02','19:30:00','20:45:00','individual','en_linea','confirmada',39,false,'transferencia'),
  ('1979a41d-865e-548a-838d-9b18664f1031','b0d11040-e454-5f92-9f08-20ba7ea9a801','48a4a020-8ab4-5e11-89ed-17a1e1713b54','2026-07-03','18:00:00','19:15:00','individual','presencial','confirmada',39,false,'transferencia'),
  ('64c14b9f-536f-52d4-b0a9-0313c4431095','8d87335f-08e9-5501-a2c7-2775ff9b879f','b219e764-4664-594c-9eb3-d2b19e52caac','2026-07-06','18:00:00','19:15:00','individual','en_linea','confirmada',39,false,'transferencia'),
  ('7479b162-a94d-574a-a235-097165849d20','79588800-8c00-5613-87fd-682e9f83f7d5','4eb27d28-e3bf-5194-aa30-9e5a185a26c1','2026-07-07','16:30:00','17:45:00','individual','presencial','cancelada',39,false,'transferencia'),
  ('a7e7d1d4-2b36-50a8-b359-d70fe6697b8f','9fc06285-d304-52f2-b3bc-2b11f2c6faf1','4eb27d28-e3bf-5194-aa30-9e5a185a26c1','2026-07-07','19:30:00','20:45:00','individual','en_linea','confirmada',39,false,'transferencia'),
  ('31a72d0d-7ab1-526e-b6e2-93eaed2ad132','0d6c3206-24b6-55e8-af0e-60652458cd53','4eb27d28-e3bf-5194-aa30-9e5a185a26c1','2026-07-08','16:30:00','17:45:00','individual','presencial','confirmada',39,false,'transferencia'),
  ('1bf8a02e-452e-5b6e-9040-98361259f782','4fb74b4d-bcb6-57b7-822d-c0ad2f857587','4eb27d28-e3bf-5194-aa30-9e5a185a26c1','2026-07-09','15:00:00','16:15:00','individual','en_linea','confirmada',39,false,'transferencia'),
  ('17f4331e-9520-5385-8cb8-4f7f10d12dfe','68f76c3c-2d33-5c96-ac61-edd6ce5eb280','aaf55d12-e51c-5197-ad4f-29c87bd859c8','2026-06-29','16:30:00','17:45:00','individual','presencial','confirmada',39,false,'transferencia'),
  ('64db65e1-6087-5607-9629-fa90691c2690','ef9f8557-ab41-5ab7-92d3-f57b39fd32be','aaf55d12-e51c-5197-ad4f-29c87bd859c8','2026-06-30','11:00:00','12:15:00','individual','en_linea','confirmada',39,false,'transferencia'),
  ('ee80bcd6-0854-5b73-b721-87f9c08316be','106818e5-2ca3-5fb4-be80-a4a202def799','aaf55d12-e51c-5197-ad4f-29c87bd859c8','2026-06-27','11:30:00','12:45:00','individual','presencial','confirmada',39,false,'transferencia'),
  ('f84687f2-7ca6-5eba-baf8-f26684a8e678','68f76c3c-2d33-5c96-ac61-edd6ce5eb280','aaf55d12-e51c-5197-ad4f-29c87bd859c8','2026-06-30','15:30:00','16:45:00','individual','presencial','confirmada',39,false,'transferencia'),
  ('6244e0dc-8f38-5930-9730-b7b39856d86f','ddea1b25-6983-5763-91e7-d0c9a71efaf3','aaf55d12-e51c-5197-ad4f-29c87bd859c8','2026-06-29','18:00:00','19:15:00','individual','presencial','confirmada',39,false,'transferencia'),
  ('72d66f53-bc0d-596f-b10b-f4af7b0d2593','0ccb60bd-7f8f-56df-a0eb-fb47c8843aae','4eb27d28-e3bf-5194-aa30-9e5a185a26c1','2026-07-01','13:00:00','14:15:00','individual','en_linea','confirmada',39,false,'transferencia'),
  ('3dc11f05-28e8-5b9c-9093-bae200c78f3a','aa338b1c-99c6-5440-ad9a-8e4cd0ad9c34','aaf55d12-e51c-5197-ad4f-29c87bd859c8','2026-06-26','11:00:00','12:15:00','individual','presencial','confirmada',39,false,'transferencia'),
  ('e5a132a7-3cd2-5668-939e-99d304322432','c1819b33-109c-578b-be35-03863bec9d02','b219e764-4664-594c-9eb3-d2b19e52caac','2026-06-25','09:00:00','10:15:00','individual','en_linea','confirmada',10,true,'transferencia'),
  ('156fb5f8-f0df-5126-a662-86bed2723a07','832ee36a-3a47-5731-8485-2ec6be62833b','48a4a020-8ab4-5e11-89ed-17a1e1713b54','2026-06-29','18:00:00','19:15:00','individual','presencial','confirmada',39,false,'transferencia'),
  ('3c55c496-5d50-5344-899c-eb4634e393e4','53dbdfce-5b07-578c-8da9-0e72f5062080','48a4a020-8ab4-5e11-89ed-17a1e1713b54','2026-06-30','08:00:00','09:15:00','individual','en_linea','confirmada',39,false,'transferencia'),
  ('50c73cf8-dabb-5340-a5be-371d6c4ece1b','a1b091c4-9bd8-5bf4-a2c2-dad62c8dc042','48a4a020-8ab4-5e11-89ed-17a1e1713b54','2026-07-07','19:00:00','20:15:00','individual','en_linea','confirmada',32,false,'transferencia'),
  ('ba6bb476-e7bd-53e8-ab91-f6dd51382cad','ed45266f-e7cd-56dc-ae30-371d9d5a4628','48a4a020-8ab4-5e11-89ed-17a1e1713b54','2026-07-01','08:00:00','09:15:00','individual','en_linea','confirmada',36,false,'transferencia'),
  ('658ca16c-5893-5a19-8a3c-0bf002d7ec80','a1d1b73a-b0fb-55dc-8fa4-d9855a2cbf9e','48a4a020-8ab4-5e11-89ed-17a1e1713b54','2026-07-01','18:00:00','19:15:00','individual','en_linea','confirmada',39,false,'transferencia'),
  ('23e37ebd-8cda-5542-ad5b-59f3d1e3f641','6ab917e2-2b3c-5328-8cb4-aa04d8a55caa','48a4a020-8ab4-5e11-89ed-17a1e1713b54','2026-06-27','10:30:00','11:45:00','individual','presencial','confirmada',39,false,'transferencia'),
  ('b38b6c45-385c-552f-9176-7ed7893a7fa7','1f607a7f-bbe8-5d9f-8b12-bb9a2ff3845c','4eb27d28-e3bf-5194-aa30-9e5a185a26c1','2026-06-30','11:30:00','12:45:00','individual','presencial','confirmada',39,false,'transferencia'),
  ('d931f89b-4300-5d8b-8472-a9666a60fa73','1f607a7f-bbe8-5d9f-8b12-bb9a2ff3845c','48a4a020-8ab4-5e11-89ed-17a1e1713b54','2026-06-26','11:30:00','12:45:00','individual','presencial','confirmada',39,false,'transferencia'),
  ('17120da6-4d78-5f85-9e52-dd341aef78ce','11ee98f2-c1fe-5511-bb8d-8b98c9ccb7fb','aaf55d12-e51c-5197-ad4f-29c87bd859c8','2026-06-30','18:00:00','19:15:00','individual','en_linea','confirmada',39,false,'transferencia'),
  ('e685b5bc-707f-5a95-8606-e2dcf307a70e','78935200-ec84-5bdb-a3fa-d394c70583ab','b219e764-4664-594c-9eb3-d2b19e52caac','2026-06-29','10:00:00','11:15:00','individual','en_linea','confirmada',35,false,'transferencia'),
  ('0612a0b5-5510-54ee-bcb1-f5f9293c221b','ede6a2f7-5625-58dd-99d0-36dfcd1a61cf','48a4a020-8ab4-5e11-89ed-17a1e1713b54','2026-07-24','15:35:00','16:50:00','individual','presencial','cancelada',39,false,'transferencia'),
  ('a2786edc-6eac-5226-b2a7-e1a48f9f0ffe','82db5b4f-d960-576e-9bda-c520a60d2856','b219e764-4664-594c-9eb3-d2b19e52caac','2026-06-27','11:00:00','12:15:00','individual','en_linea','confirmada',35,false,'transferencia'),
  ('05a71501-0141-57b4-83c5-0b816200ae7a','fc0e76c3-7e32-5709-ad3d-224508a342f9','4eb27d28-e3bf-5194-aa30-9e5a185a26c1','2026-07-01','18:15:00','19:30:00','individual','presencial','confirmada',39,false,'transferencia'),
  ('20169cb0-0dcc-56ef-8987-f9fe031a1306','fc0e76c3-7e32-5709-ad3d-224508a342f9','4eb27d28-e3bf-5194-aa30-9e5a185a26c1','2026-07-01','18:00:00','19:15:00','individual','presencial','confirmada',39,false,'transferencia'),
  ('04fd02aa-81f4-594e-873f-2a6425b5a95a','9c8e80dc-fb7d-5530-b960-b61699d655eb','b219e764-4664-594c-9eb3-d2b19e52caac','2026-06-27','08:00:00','09:15:00','individual','presencial','confirmada',36,false,'transferencia'),
  ('0176b2df-9b52-54ac-941c-d7da2070572b','4060754b-c5c8-5dbd-a037-540e2bf3288d','b219e764-4664-594c-9eb3-d2b19e52caac','2026-06-27','09:00:00','10:15:00','individual','presencial','confirmada',40,false,'transferencia'),
  ('f4af76c0-2404-5ac3-836b-2038dd62ce00','0411dc97-fd59-5c80-b752-ca65ed32620e','4eb27d28-e3bf-5194-aa30-9e5a185a26c1','2026-07-08','10:00:00','11:15:00','individual','presencial','confirmada',39,false,'transferencia'),
  ('225d3bc2-77d0-5e63-8bfd-3eb1dfdb03b1','4de68c91-8315-5eab-b15e-b1bde54a6d77','4eb27d28-e3bf-5194-aa30-9e5a185a26c1','2026-07-04','12:00:00','13:15:00','individual','presencial','confirmada',36,false,'transferencia'),
  ('c596ec21-4a30-5400-bb05-1c4a1e4c0ef6','b7889b9a-e659-5571-910d-8f71bbe90f6c','b219e764-4664-594c-9eb3-d2b19e52caac','2026-06-30','20:00:00','21:15:00','individual','en_linea','confirmada',20,false,'transferencia') on conflict do nothing;

commit;
